Season,Round,Driver,Points
2018,1,VET,25.0
2018,1,HAM,18.0
2018,1,RAI,15.0
2018,1,RIC,12.0
2018,1,ALO,10.0
2018,1,VER,8.0
2018,1,HUL,6.0
2018,1,BOT,4.0
2018,1,VAN,2.0
2018,1,SAI,1.0
2018,1,PER,0.0
2018,1,OCO,0.0
2018,1,LEC,0.0
2018,1,STR,0.0
2018,1,HAR,0.0
2018,1,GRO,0.0
2018,1,MAG,0.0
2018,1,GAS,0.0
2018,1,ERI,0.0
2018,1,SIR,0.0
2018,2,VET,50.0
2018,2,HAM,33.0
2018,2,BOT,22.0
2018,2,ALO,16.0
2018,2,RAI,15.0
2018,2,HUL,14.0
2018,2,RIC,12.0
2018,2,GAS,12.0
2018,2,MAG,10.0
2018,2,VER,8.0
2018,2,VAN,6.0
2018,2,ERI,2.0
2018,2,SAI,1.0
2018,2,OCO,1.0
2018,2,PER,0.0
2018,2,LEC,0.0
2018,2,STR,0.0
2018,2,HAR,0.0
2018,2,GRO,0.0
2018,2,SIR,0.0
2018,3,VET,54.0
2018,3,HAM,45.0
2018,3,BOT,40.0
2018,3,RIC,37.0
2018,3,RAI,30.0
2018,3,ALO,22.0
2018,3,HUL,22.0
2018,3,VER,18.0
2018,3,GAS,12.0
2018,3,MAG,11.0
2018,3,VAN,6.0
2018,3,SAI,3.0
2018,3,ERI,2.0
2018,3,OCO,1.0
2018,3,PER,0.0
2018,3,LEC,0.0
2018,3,STR,0.0
2018,3,HAR,0.0
2018,3,GRO,0.0
2018,3,SIR,0.0
2018,4,HAM,70.0
2018,4,VET,66.0
2018,4,RAI,48.0
2018,4,BOT,40.0
2018,4,RIC,37.0
2018,4,ALO,28.0
2018,4,HUL,22.0
2018,4,VER,18.0
2018,4,PER,15.0
2018,4,SAI,13.0
2018,4,GAS,12.0
2018,4,MAG,11.0
2018,4,VAN,8.0
2018,4,LEC,8.0
2018,4,STR,4.0
2018,4,ERI,2.0
2018,4,OCO,1.0
2018,4,HAR,1.0
2018,4,GRO,0.0
2018,4,SIR,0.0
2018,5,HAM,95.0
2018,5,VET,78.0
2018,5,BOT,58.0
2018,5,RAI,48.0
2018,5,RIC,47.0
2018,5,VER,33.0
2018,5,ALO,32.0
2018,5,HUL,22.0
2018,5,SAI,19.0
2018,5,MAG,19.0
2018,5,PER,17.0
2018,5,GAS,12.0
2018,5,LEC,9.0
2018,5,VAN,8.0
2018,5,STR,4.0
2018,5,ERI,2.0
2018,5,OCO,1.0
2018,5,HAR,1.0
2018,5,GRO,0.0
2018,5,SIR,0.0
2018,6,HAM,110.0
2018,6,VET,96.0
2018,6,RIC,72.0
2018,6,BOT,68.0
2018,6,RAI,60.0
2018,6,VER,35.0
2018,6,ALO,32.0
2018,6,HUL,26.0
2018,6,SAI,20.0
2018,6,MAG,19.0
2018,6,GAS,18.0
2018,6,PER,17.0
2018,6,OCO,9.0
2018,6,LEC,9.0
2018,6,VAN,8.0
2018,6,STR,4.0
2018,6,ERI,2.0
2018,6,HAR,1.0
2018,6,GRO,0.0
2018,6,SIR,0.0
2018,7,VET,121.0
2018,7,HAM,120.0
2018,7,BOT,86.0
2018,7,RIC,84.0
2018,7,RAI,68.0
2018,7,VER,50.0
2018,7,ALO,32.0
2018,7,HUL,32.0
2018,7,SAI,24.0
2018,7,MAG,19.0
2018,7,GAS,18.0
2018,7,PER,17.0
2018,7,OCO,11.0
2018,7,LEC,10.0
2018,7,VAN,8.0
2018,7,STR,4.0
2018,7,ERI,2.0
2018,7,HAR,1.0
2018,7,GRO,0.0
2018,7,SIR,0.0
2018,8,HAM,145.0
2018,8,VET,131.0
2018,8,RIC,96.0
2018,8,BOT,92.0
2018,8,RAI,83.0
2018,8,VER,68.0
2018,8,HUL,34.0
2018,8,ALO,32.0
2018,8,SAI,28.0
2018,8,MAG,27.0
2018,8,GAS,18.0
2018,8,PER,17.0
2018,8,OCO,11.0
2018,8,LEC,11.0
2018,8,VAN,8.0
2018,8,STR,4.0
2018,8,ERI,2.0
2018,8,HAR,1.0
2018,8,GRO,0.0
2018,8,SIR,0.0
2018,9,VET,146.0
2018,9,HAM,145.0
2018,9,RAI,101.0
2018,9,RIC,96.0
2018,9,VER,93.0
2018,9,BOT,92.0
2018,9,MAG,37.0
2018,9,ALO,36.0
2018,9,HUL,34.0
2018,9,SAI,28.0
2018,9,PER,23.0
2018,9,OCO,19.0
2018,9,GAS,18.0
2018,9,LEC,13.0
2018,9,GRO,12.0
2018,9,VAN,8.0
2018,9,STR,4.0
2018,9,ERI,3.0
2018,9,HAR,1.0
2018,9,SIR,0.0
2018,10,VET,171.0
2018,10,HAM,163.0
2018,10,RAI,116.0
2018,10,RIC,106.0
2018,10,BOT,104.0
2018,10,VER,93.0
2018,10,HUL,42.0
2018,10,ALO,40.0
2018,10,MAG,39.0
2018,10,SAI,28.0
2018,10,OCO,25.0
2018,10,PER,24.0
2018,10,GAS,18.0
2018,10,LEC,13.0
2018,10,GRO,12.0
2018,10,VAN,8.0
2018,10,STR,4.0
2018,10,ERI,3.0
2018,10,HAR,1.0
2018,10,SIR,0.0
2018,11,HAM,188.0
2018,11,VET,171.0
2018,11,RAI,131.0
2018,11,BOT,122.0
2018,11,RIC,106.0
2018,11,VER,105.0
2018,11,HUL,52.0
2018,11,ALO,40.0
2018,11,MAG,39.0
2018,11,PER,30.0
2018,11,OCO,29.0
2018,11,SAI,28.0
2018,11,GRO,20.0
2018,11,GAS,18.0
2018,11,LEC,13.0
2018,11,VAN,8.0
2018,11,ERI,5.0
2018,11,STR,4.0
2018,11,HAR,2.0
2018,11,SIR,0.0
2018,12,HAM,213.0
2018,12,VET,189.0
2018,12,RAI,146.0
2018,12,BOT,132.0
2018,12,RIC,118.0
2018,12,VER,105.0
2018,12,HUL,52.0
2018,12,MAG,45.0
2018,12,ALO,44.0
2018,12,SAI,30.0
2018,12,PER,30.0
2018,12,OCO,29.0
2018,12,GAS,26.0
2018,12,GRO,21.0
2018,12,LEC,13.0
2018,12,VAN,8.0
2018,12,ERI,5.0
2018,12,STR,4.0
2018,12,HAR,2.0
2018,12,SIR,0.0
2018,13,HAM,231.0
2018,13,VET,214.0
2018,13,RAI,146.0
2018,13,BOT,144.0
2018,13,VER,120.0
2018,13,RIC,118.0
2018,13,HUL,52.0
2018,13,MAG,49.0
2018,13,ALO,44.0
2018,13,PER,40.0
2018,13,OCO,37.0
2018,13,SAI,30.0
2018,13,GAS,28.0
2018,13,GRO,27.0
2018,13,LEC,13.0
2018,13,VAN,8.0
2018,13,ERI,6.0
2018,13,STR,4.0
2018,13,HAR,2.0
2018,13,SIR,0.0
2018,14,HAM,256.0
2018,14,VET,226.0
2018,14,RAI,164.0
2018,14,BOT,159.0
2018,14,VER,130.0
2018,14,RIC,118.0
2018,14,HUL,52.0
2018,14,MAG,49.0
2018,14,PER,46.0
2018,14,OCO,45.0
2018,14,ALO,44.0
2018,14,SAI,34.0
2018,14,GAS,28.0
2018,14,GRO,27.0
2018,14,LEC,13.0
2018,14,VAN,8.0
2018,14,STR,6.0
2018,14,ERI,6.0
2018,14,HAR,2.0
2018,14,SIR,1.0
2018,15,HAM,281.0
2018,15,VET,241.0
2018,15,RAI,174.0
2018,15,BOT,171.0
2018,15,VER,148.0
2018,15,RIC,126.0
2018,15,HUL,53.0
2018,15,ALO,50.0
2018,15,MAG,49.0
2018,15,PER,46.0
2018,15,OCO,45.0
2018,15,SAI,38.0
2018,15,GAS,28.0
2018,15,GRO,27.0
2018,15,LEC,15.0
2018,15,VAN,8.0
2018,15,STR,6.0
2018,15,ERI,6.0
2018,15,HAR,2.0
2018,15,SIR,1.0
2018,16,HAM,306.0
2018,16,VET,256.0
2018,16,BOT,189.0
2018,16,RAI,186.0
2018,16,VER,158.0
2018,16,RIC,134.0
2018,16,HUL,53.0
2018,16,MAG,53.0
2018,16,ALO,50.0
2018,16,PER,47.0
2018,16,OCO,47.0
2018,16,SAI,38.0
2018,16,GAS,28.0
2018,16,GRO,27.0
2018,16,LEC,21.0
2018,16,VAN,8.0
2018,16,STR,6.0
2018,16,ERI,6.0
2018,16,HAR,2.0
2018,16,SIR,1.0
2018,17,HAM,331.0
2018,17,VET,264.0
2018,17,BOT,207.0
2018,17,RAI,196.0
2018,17,VER,173.0
2018,17,RIC,146.0
2018,17,HUL,53.0
2018,17,PER,53.0
2018,17,MAG,53.0
2018,17,ALO,50.0
2018,17,OCO,49.0
2018,17,SAI,39.0
2018,17,GRO,31.0
2018,17,GAS,28.0
2018,17,LEC,21.0
2018,17,VAN,8.0
2018,17,STR,6.0
2018,17,ERI,6.0
2018,17,HAR,2.0
2018,17,SIR,1.0
2018,18,HAM,346.0
2018,18,VET,276.0
2018,18,RAI,221.0
2018,18,BOT,217.0
2018,18,VER,191.0
2018,18,RIC,146.0
2018,18,HUL,61.0
2018,18,PER,57.0
2018,18,MAG,53.0
2018,18,ALO,50.0
2018,18,OCO,49.0
2018,18,SAI,45.0
2018,18,GRO,31.0
2018,18,GAS,28.0
2018,18,LEC,21.0
2018,18,VAN,8.0
2018,18,ERI,7.0
2018,18,STR,6.0
2018,18,HAR,4.0
2018,18,SIR,1.0
2018,19,HAM,358.0
2018,19,VET,294.0
2018,19,RAI,236.0
2018,19,BOT,227.0
2018,19,VER,216.0
2018,19,RIC,146.0
2018,19,HUL,69.0
2018,19,PER,57.0
2018,19,MAG,53.0
2018,19,ALO,50.0
2018,19,OCO,49.0
2018,19,SAI,45.0
2018,19,GRO,31.0
2018,19,GAS,29.0
2018,19,LEC,27.0
2018,19,VAN,12.0
2018,19,ERI,9.0
2018,19,STR,6.0
2018,19,HAR,4.0
2018,19,SIR,1.0
2018,20,HAM,383.0
2018,20,VET,302.0
2018,20,RAI,251.0
2018,20,BOT,237.0
2018,20,VER,234.0
2018,20,RIC,158.0
2018,20,HUL,69.0
2018,20,PER,58.0
2018,20,MAG,55.0
2018,20,ALO,50.0
2018,20,OCO,49.0
2018,20,SAI,45.0
2018,20,GRO,35.0
2018,20,LEC,33.0
2018,20,GAS,29.0
2018,20,VAN,12.0
2018,20,ERI,9.0
2018,20,STR,6.0
2018,20,HAR,4.0
2018,20,SIR,1.0
2018,21,HAM,408.0
2018,21,VET,320.0
2018,21,RAI,251.0
2018,21,VER,249.0
2018,21,BOT,247.0
2018,21,RIC,170.0
2018,21,HUL,69.0
2018,21,PER,62.0
2018,21,MAG,56.0
2018,21,SAI,53.0
2018,21,ALO,50.0
2018,21,OCO,49.0
2018,21,LEC,39.0
2018,21,GRO,37.0
2018,21,GAS,29.0
2018,21,VAN,12.0
2018,21,ERI,9.0
2018,21,STR,6.0
2018,21,HAR,4.0
2018,21,SIR,1.0
2019,1,BOT,26.0
2019,1,HAM,18.0
2019,1,VER,15.0
2019,1,VET,12.0
2019,1,LEC,10.0
2019,1,MAG,8.0
2019,1,HUL,6.0
2019,1,RAI,4.0
2019,1,STR,2.0
2019,1,KVY,1.0
2019,1,GAS,0.0
2019,1,NOR,0.0
2019,1,PER,0.0
2019,1,ALB,0.0
2019,1,GIO,0.0
2019,1,RUS,0.0
2019,1,KUB,0.0
2019,1,GRO,0.0
2019,1,RIC,0.0
2019,1,SAI,0.0
2019,2,BOT,44.0
2019,2,HAM,43.0
2019,2,VER,27.0
2019,2,LEC,26.0
2019,2,VET,22.0
2019,2,RAI,10.0
2019,2,MAG,8.0
2019,2,NOR,8.0
2019,2,HUL,6.0
2019,2,GAS,4.0
2019,2,STR,2.0
2019,2,ALB,2.0
2019,2,KVY,1.0
2019,2,PER,1.0
2019,2,GIO,0.0
2019,2,RUS,0.0
2019,2,KUB,0.0
2019,2,GRO,0.0
2019,2,RIC,0.0
2019,2,SAI,0.0
2019,3,HAM,68.0
2019,3,BOT,62.0
2019,3,VER,39.0
2019,3,VET,37.0
2019,3,LEC,36.0
2019,3,GAS,13.0
2019,3,RAI,12.0
2019,3,MAG,8.0
2019,3,NOR,8.0
2019,3,HUL,6.0
2019,3,RIC,6.0
2019,3,PER,5.0
2019,3,ALB,3.0
2019,3,STR,2.0
2019,3,KVY,1.0
2019,3,GIO,0.0
2019,3,RUS,0.0
2019,3,KUB,0.0
2019,3,GRO,0.0
2019,3,SAI,0.0
2019,4,BOT,87.0
2019,4,HAM,86.0
2019,4,VET,52.0
2019,4,VER,51.0
2019,4,LEC,47.0
2019,4,RAI,13.0
2019,4,GAS,13.0
2019,4,PER,13.0
2019,4,NOR,12.0
2019,4,MAG,8.0
2019,4,HUL,6.0
2019,4,RIC,6.0
2019,4,SAI,6.0
2019,4,STR,4.0
2019,4,ALB,3.0
2019,4,KVY,1.0
2019,4,GIO,0.0
2019,4,RUS,0.0
2019,4,KUB,0.0
2019,4,GRO,0.0
2019,5,HAM,112.0
2019,5,BOT,105.0
2019,5,VER,66.0
2019,5,VET,64.0
2019,5,LEC,57.0
2019,5,GAS,21.0
2019,5,MAG,14.0
2019,5,RAI,13.0
2019,5,PER,13.0
2019,5,NOR,12.0
2019,5,SAI,10.0
2019,5,HUL,6.0
2019,5,RIC,6.0
2019,5,STR,4.0
2019,5,KVY,3.0
2019,5,ALB,3.0
2019,5,GRO,1.0
2019,5,GIO,0.0
2019,5,RUS,0.0
2019,5,KUB,0.0
2019,6,HAM,137.0
2019,6,BOT,120.0
2019,6,VET,82.0
2019,6,VER,78.0
2019,6,LEC,57.0
2019,6,GAS,32.0
2019,6,SAI,18.0
2019,6,MAG,14.0
2019,6,RAI,13.0
2019,6,PER,13.0
2019,6,NOR,12.0
2019,6,KVY,9.0
2019,6,RIC,8.0
2019,6,ALB,7.0
2019,6,HUL,6.0
2019,6,STR,4.0
2019,6,GRO,2.0
2019,6,GIO,0.0
2019,6,RUS,0.0
2019,6,KUB,0.0
2019,7,HAM,162.0
2019,7,BOT,133.0
2019,7,VET,100.0
2019,7,VER,88.0
2019,7,LEC,72.0
2019,7,GAS,36.0
2019,7,SAI,18.0
2019,7,RIC,16.0
2019,7,MAG,14.0
2019,7,RAI,13.0
2019,7,PER,13.0
2019,7,HUL,12.0
2019,7,NOR,12.0
2019,7,KVY,10.0
2019,7,ALB,7.0
2019,7,STR,6.0
2019,7,GRO,2.0
2019,7,GIO,0.0
2019,7,RUS,0.0
2019,7,KUB,0.0
2019,8,HAM,187.0
2019,8,BOT,151.0
2019,8,VET,111.0
2019,8,VER,100.0
2019,8,LEC,87.0
2019,8,GAS,37.0
2019,8,SAI,26.0
2019,8,RAI,19.0
2019,8,HUL,16.0
2019,8,RIC,16.0
2019,8,MAG,14.0
2019,8,NOR,14.0
2019,8,PER,13.0
2019,8,KVY,10.0
2019,8,ALB,7.0
2019,8,STR,6.0
2019,8,GRO,2.0
2019,8,GIO,0.0
2019,8,RUS,0.0
2019,8,KUB,0.0
2019,9,HAM,197.0
2019,9,BOT,166.0
2019,9,VER,126.0
2019,9,VET,123.0
2019,9,LEC,105.0
2019,9,GAS,43.0
2019,9,SAI,30.0
2019,9,NOR,22.0
2019,9,RAI,21.0
2019,9,HUL,16.0
2019,9,RIC,16.0
2019,9,MAG,14.0
2019,9,PER,13.0
2019,9,KVY,10.0
2019,9,ALB,7.0
2019,9,STR,6.0
2019,9,GRO,2.0
2019,9,GIO,1.0
2019,9,RUS,0.0
2019,9,KUB,0.0
2019,10,HAM,223.0
2019,10,BOT,184.0
2019,10,VER,136.0
2019,10,VET,123.0
2019,10,LEC,120.0
2019,10,GAS,55.0
2019,10,SAI,38.0
2019,10,RAI,25.0
2019,10,NOR,22.0
2019,10,RIC,22.0
2019,10,HUL,17.0
2019,10,MAG,14.0
2019,10,PER,13.0
2019,10,KVY,12.0
2019,10,ALB,7.0
2019,10,STR,6.0
2019,10,GRO,2.0
2019,10,GIO,1.0
2019,10,RUS,0.0
2019,10,KUB,0.0
2019,11,HAM,225.0
2019,11,BOT,184.0
2019,11,VER,162.0
2019,11,VET,141.0
2019,11,LEC,120.0
2019,11,GAS,55.0
2019,11,SAI,48.0
2019,11,KVY,27.0
2019,11,RAI,25.0
2019,11,NOR,22.0
2019,11,RIC,22.0
2019,11,MAG,18.0
2019,11,STR,18.0
2019,11,HUL,17.0
2019,11,ALB,15.0
2019,11,PER,13.0
2019,11,GRO,8.0
2019,11,GIO,1.0
2019,11,KUB,1.0
2019,11,RUS,0.0
2019,12,HAM,250.0
2019,12,BOT,188.0
2019,12,VER,181.0
2019,12,VET,156.0
2019,12,LEC,132.0
2019,12,GAS,63.0
2019,12,SAI,58.0
2019,12,RAI,31.0
2019,12,KVY,27.0
2019,12,NOR,24.0
2019,12,RIC,22.0
2019,12,MAG,18.0
2019,12,STR,18.0
2019,12,HUL,17.0
2019,12,ALB,16.0
2019,12,PER,13.0
2019,12,GRO,8.0
2019,12,GIO,1.0
2019,12,KUB,1.0
2019,12,RUS,0.0
2019,13,HAM,268.0
2019,13,BOT,203.0
2019,13,VER,181.0
2019,13,VET,169.0
2019,13,LEC,157.0
2019,13,GAS,65.0
2019,13,SAI,58.0
2019,13,KVY,33.0
2019,13,RAI,31.0
2019,13,ALB,26.0
2019,13,NOR,24.0
2019,13,RIC,22.0
2019,13,HUL,21.0
2019,13,PER,21.0
2019,13,STR,19.0
2019,13,MAG,18.0
2019,13,GRO,8.0
2019,13,GIO,1.0
2019,13,KUB,1.0
2019,13,RUS,0.0
2019,14,HAM,284.0
2019,14,BOT,221.0
2019,14,VER,185.0
2019,14,LEC,182.0
2019,14,VET,169.0
2019,14,GAS,65.0
2019,14,SAI,58.0
2019,14,ALB,34.0
2019,14,RIC,34.0
2019,14,KVY,33.0
2019,14,HUL,31.0
2019,14,RAI,31.0
2019,14,PER,27.0
2019,14,NOR,25.0
2019,14,STR,19.0
2019,14,MAG,18.0
2019,14,GRO,8.0
2019,14,GIO,3.0
2019,14,KUB,1.0
2019,14,RUS,0.0
2019,15,HAM,296.0
2019,15,BOT,231.0
2019,15,VER,200.0
2019,15,LEC,200.0
2019,15,VET,194.0
2019,15,GAS,69.0
2019,15,SAI,58.0
2019,15,ALB,42.0
2019,15,RIC,34.0
2019,15,HUL,33.0
2019,15,KVY,33.0
2019,15,RAI,31.0
2019,15,NOR,31.0
2019,15,PER,27.0
2019,15,STR,19.0
2019,15,MAG,18.0
2019,15,GRO,8.0
2019,15,GIO,4.0
2019,15,KUB,1.0
2019,15,RUS,0.0
2019,16,HAM,322.0
2019,16,BOT,249.0
2019,16,LEC,215.0
2019,16,VER,212.0
2019,16,VET,194.0
2019,16,GAS,69.0
2019,16,SAI,66.0
2019,16,ALB,52.0
2019,16,NOR,35.0
2019,16,HUL,34.0
2019,16,RIC,34.0
2019,16,KVY,33.0
2019,16,PER,33.0
2019,16,RAI,31.0
2019,16,MAG,20.0
2019,16,STR,19.0
2019,16,GRO,8.0
2019,16,GIO,4.0
2019,16,KUB,1.0
2019,16,RUS,0.0
2019,17,HAM,338.0
2019,17,BOT,274.0
2019,17,LEC,223.0
2019,17,VER,212.0
2019,17,VET,212.0
2019,17,SAI,76.0
2019,17,GAS,75.0
2019,17,ALB,64.0
2019,17,PER,37.0
2019,17,NOR,35.0
2019,17,HUL,34.0
2019,17,KVY,34.0
2019,17,RIC,34.0
2019,17,RAI,31.0
2019,17,STR,21.0
2019,17,MAG,20.0
2019,17,GRO,8.0
2019,17,GIO,4.0
2019,17,KUB,1.0
2019,17,RUS,0.0
2019,18,HAM,363.0
2019,18,BOT,289.0
2019,18,LEC,236.0
2019,18,VET,230.0
2019,18,VER,220.0
2019,18,GAS,77.0
2019,18,SAI,76.0
2019,18,ALB,74.0
2019,18,PER,43.0
2019,18,RIC,38.0
2019,18,HUL,35.0
2019,18,NOR,35.0
2019,18,KVY,34.0
2019,18,RAI,31.0
2019,18,STR,21.0
2019,18,MAG,20.0
2019,18,GRO,8.0
2019,18,GIO,4.0
2019,18,KUB,1.0
2019,18,RUS,0.0
2019,19,HAM,381.0
2019,19,BOT,314.0
2019,19,LEC,249.0
2019,19,VER,235.0
2019,19,VET,230.0
2019,19,ALB,84.0
2019,19,SAI,80.0
2019,19,GAS,77.0
2019,19,RIC,46.0
2019,19,PER,44.0
2019,19,NOR,41.0
2019,19,HUL,37.0
2019,19,KVY,34.0
2019,19,RAI,31.0
2019,19,STR,21.0
2019,19,MAG,20.0
2019,19,GRO,8.0
2019,19,GIO,4.0
2019,19,KUB,1.0
2019,19,RUS,0.0
2019,20,HAM,387.0
2019,20,BOT,314.0
2019,20,VER,260.0
2019,20,LEC,249.0
2019,20,VET,230.0
2019,20,GAS,95.0
2019,20,SAI,95.0
2019,20,ALB,84.0
2019,20,RIC,54.0
2019,20,PER,46.0
2019,20,NOR,45.0
2019,20,RAI,43.0
2019,20,HUL,37.0
2019,20,KVY,35.0
2019,20,STR,21.0
2019,20,MAG,20.0
2019,20,GIO,14.0
2019,20,GRO,8.0
2019,20,KUB,1.0
2019,20,RUS,0.0
2019,21,HAM,413.0
2019,21,BOT,326.0
2019,21,VER,278.0
2019,21,LEC,264.0
2019,21,VET,240.0
2019,21,SAI,96.0
2019,21,GAS,95.0
2019,21,ALB,92.0
2019,21,RIC,54.0
2019,21,PER,52.0
2019,21,NOR,49.0
2019,21,RAI,43.0
2019,21,HUL,37.0
2019,21,KVY,37.0
2019,21,STR,21.0
2019,21,MAG,20.0
2019,21,GIO,14.0
2019,21,GRO,8.0
2019,21,KUB,1.0
2019,21,RUS,0.0
2020,1,BOT,25.0
2020,1,LEC,18.0
2020,1,NOR,16.0
2020,1,HAM,12.0
2020,1,SAI,10.0
2020,1,PER,8.0
2020,1,GAS,6.0
2020,1,OCO,4.0
2020,1,GIO,2.0
2020,1,VET,1.0
2020,1,LAT,0.0
2020,1,KVY,0.0
2020,1,ALB,0.0
2020,1,RAI,0.0
2020,1,RUS,0.0
2020,1,GRO,0.0
2020,1,MAG,0.0
2020,1,STR,0.0
2020,1,RIC,0.0
2020,1,VER,0.0
2020,2,BOT,43.0
2020,2,HAM,37.0
2020,2,NOR,26.0
2020,2,LEC,18.0
2020,2,PER,16.0
2020,2,VER,15.0
2020,2,SAI,13.0
2020,2,ALB,12.0
2020,2,GAS,6.0
2020,2,STR,6.0
2020,2,OCO,4.0
2020,2,RIC,4.0
2020,2,GIO,2.0
2020,2,VET,1.0
2020,2,KVY,1.0
2020,2,LAT,0.0
2020,2,RAI,0.0
2020,2,RUS,0.0
2020,2,GRO,0.0
2020,2,MAG,0.0
2020,3,HAM,63.0
2020,3,BOT,58.0
2020,3,VER,33.0
2020,3,NOR,26.0
2020,3,PER,22.0
2020,3,ALB,22.0
2020,3,LEC,18.0
2020,3,STR,18.0
2020,3,SAI,15.0
2020,3,VET,9.0
2020,3,RIC,8.0
2020,3,GAS,6.0
2020,3,OCO,4.0
2020,3,GIO,2.0
2020,3,KVY,1.0
2020,3,MAG,1.0
2020,3,LAT,0.0
2020,3,RAI,0.0
2020,3,RUS,0.0
2020,3,GRO,0.0
2020,4,HAM,88.0
2020,4,BOT,58.0
2020,4,VER,52.0
2020,4,NOR,36.0
2020,4,LEC,33.0
2020,4,ALB,26.0
2020,4,PER,22.0
2020,4,STR,20.0
2020,4,RIC,20.0
2020,4,SAI,15.0
2020,4,GAS,12.0
2020,4,OCO,12.0
2020,4,VET,10.0
2020,4,GIO,2.0
2020,4,KVY,1.0
2020,4,MAG,1.0
2020,4,LAT,0.0
2020,4,RAI,0.0
2020,4,RUS,0.0
2020,4,GRO,0.0
2020,4,HUL,0.0
2020,5,HAM,107.0
2020,5,VER,77.0
2020,5,BOT,73.0
2020,5,LEC,45.0
2020,5,NOR,38.0
2020,5,ALB,36.0
2020,5,STR,28.0
2020,5,PER,22.0
2020,5,RIC,20.0
2020,5,OCO,16.0
2020,5,SAI,15.0
2020,5,GAS,12.0
2020,5,VET,10.0
2020,5,HUL,6.0
2020,5,GIO,2.0
2020,5,KVY,2.0
2020,5,MAG,1.0
2020,5,LAT,0.0
2020,5,RAI,0.0
2020,5,RUS,0.0
2020,5,GRO,0.0
2020,6,HAM,132.0
2020,6,VER,95.0
2020,6,BOT,89.0
2020,6,LEC,45.0
2020,6,ALB,40.0
2020,6,STR,40.0
2020,6,NOR,39.0
2020,6,PER,32.0
2020,6,SAI,23.0
2020,6,RIC,20.0
2020,6,OCO,16.0
2020,6,VET,16.0
2020,6,GAS,14.0
2020,6,HUL,6.0
2020,6,GIO,2.0
2020,6,KVY,2.0
2020,6,MAG,1.0
2020,6,LAT,0.0
2020,6,RAI,0.0
2020,6,RUS,0.0
2020,6,GRO,0.0
2020,7,HAM,157.0
2020,7,VER,110.0
2020,7,BOT,107.0
2020,7,ALB,48.0
2020,7,LEC,45.0
2020,7,NOR,45.0
2020,7,STR,42.0
2020,7,PER,33.0
2020,7,RIC,33.0
2020,7,OCO,26.0
2020,7,SAI,23.0
2020,7,GAS,18.0
2020,7,VET,16.0
2020,7,HUL,6.0
2020,7,GIO,2.0
2020,7,KVY,2.0
2020,7,MAG,1.0
2020,7,LAT,0.0
2020,7,RAI,0.0
2020,7,RUS,0.0
2020,7,GRO,0.0
2020,8,HAM,164.0
2020,8,BOT,117.0
2020,8,VER,110.0
2020,8,NOR,57.0
2020,8,STR,57.0
2020,8,ALB,48.0
2020,8,LEC,45.0
2020,8,GAS,43.0
2020,8,SAI,41.0
2020,8,RIC,41.0
2020,8,PER,34.0
2020,8,OCO,30.0
2020,8,VET,16.0
2020,8,HUL,6.0
2020,8,KVY,4.0
2020,8,GIO,2.0
2020,8,MAG,1.0
2020,8,LAT,0.0
2020,8,RAI,0.0
2020,8,RUS,0.0
2020,8,GRO,0.0
2020,9,HAM,190.0
2020,9,BOT,135.0
2020,9,VER,110.0
2020,9,NOR,65.0
2020,9,ALB,63.0
2020,9,STR,57.0
2020,9,RIC,53.0
2020,9,LEC,49.0
2020,9,PER,44.0
2020,9,GAS,43.0
2020,9,SAI,41.0
2020,9,OCO,30.0
2020,9,VET,17.0
2020,9,KVY,10.0
2020,9,HUL,6.0
2020,9,GIO,2.0
2020,9,RAI,2.0
2020,9,MAG,1.0
2020,9,LAT,0.0
2020,9,RUS,0.0
2020,9,GRO,0.0
2020,10,HAM,205.0
2020,10,BOT,161.0
2020,10,VER,128.0
2020,10,NOR,65.0
2020,10,ALB,64.0
2020,10,RIC,63.0
2020,10,LEC,57.0
2020,10,STR,57.0
2020,10,PER,56.0
2020,10,GAS,45.0
2020,10,SAI,41.0
2020,10,OCO,36.0
2020,10,VET,17.0
2020,10,KVY,14.0
2020,10,HUL,6.0
2020,10,GIO,2.0
2020,10,RAI,2.0
2020,10,MAG,1.0
2020,10,LAT,0.0
2020,10,RUS,0.0
2020,10,GRO,0.0
2020,11,HAM,230.0
2020,11,BOT,161.0
2020,11,VER,147.0
2020,11,RIC,78.0
2020,11,PER,68.0
2020,11,NOR,65.0
2020,11,ALB,64.0
2020,11,LEC,63.0
2020,11,STR,57.0
2020,11,GAS,53.0
2020,11,SAI,51.0
2020,11,OCO,36.0
2020,11,VET,17.0
2020,11,KVY,14.0
2020,11,HUL,10.0
2020,11,GIO,3.0
2020,11,RAI,2.0
2020,11,GRO,2.0
2020,11,MAG,1.0
2020,11,LAT,0.0
2020,11,RUS,0.0
2020,12,HAM,256.0
2020,12,BOT,179.0
2020,12,VER,162.0
2020,12,RIC,80.0
2020,12,LEC,75.0
2020,12,PER,74.0
2020,12,NOR,65.0
2020,12,ALB,64.0
2020,12,GAS,63.0
2020,12,SAI,59.0
2020,12,STR,57.0
2020,12,OCO,40.0
2020,12,VET,18.0
2020,12,KVY,14.0
2020,12,HUL,10.0
2020,12,GIO,3.0
2020,12,RAI,2.0
2020,12,GRO,2.0
2020,12,MAG,1.0
2020,12,LAT,0.0
2020,12,RUS,0.0
2020,13,HAM,282.0
2020,13,BOT,197.0
2020,13,VER,162.0
2020,13,RIC,95.0
2020,13,LEC,85.0
2020,13,PER,82.0
2020,13,NOR,69.0
2020,13,SAI,65.0
2020,13,ALB,64.0
2020,13,GAS,63.0
2020,13,STR,57.0
2020,13,OCO,40.0
2020,13,KVY,26.0
2020,13,VET,18.0
2020,13,HUL,10.0
2020,13,GIO,4.0
2020,13,RAI,4.0
2020,13,GRO,2.0
2020,13,MAG,1.0
2020,13,LAT,0.0
2020,13,RUS,0.0
2020,14,HAM,307.0
2020,14,BOT,197.0
2020,14,VER,170.0
2020,14,PER,100.0
2020,14,LEC,97.0
2020,14,RIC,96.0
2020,14,SAI,75.0
2020,14,NOR,74.0
2020,14,ALB,70.0
2020,14,GAS,63.0
2020,14,STR,59.0
2020,14,OCO,40.0
2020,14,VET,33.0
2020,14,KVY,26.0
2020,14,HUL,10.0
2020,14,GIO,4.0
2020,14,RAI,4.0
2020,14,GRO,2.0
2020,14,MAG,1.0
2020,14,LAT,0.0
2020,14,RUS,0.0
2020,15,HAM,332.0
2020,15,BOT,201.0
2020,15,VER,189.0
2020,15,RIC,102.0
2020,15,PER,100.0
2020,15,LEC,98.0
2020,15,NOR,86.0
2020,15,SAI,85.0
2020,15,ALB,85.0
2020,15,GAS,71.0
2020,15,STR,59.0
2020,15,OCO,42.0
2020,15,VET,33.0
2020,15,KVY,26.0
2020,15,HUL,10.0
2020,15,GIO,4.0
2020,15,RAI,4.0
2020,15,GRO,2.0
2020,15,MAG,1.0
2020,15,LAT,0.0
2020,15,RUS,0.0
2020,16,HAM,332.0
2020,16,BOT,205.0
2020,16,VER,189.0
2020,16,PER,125.0
2020,16,RIC,112.0
2020,16,LEC,98.0
2020,16,SAI,97.0
2020,16,ALB,93.0
2020,16,NOR,87.0
2020,16,STR,74.0
2020,16,GAS,71.0
2020,16,OCO,60.0
2020,16,VET,33.0
2020,16,KVY,32.0
2020,16,HUL,10.0
2020,16,GIO,4.0
2020,16,RAI,4.0
2020,16,RUS,3.0
2020,16,GRO,2.0
2020,16,MAG,1.0
2020,16,LAT,0.0
2020,16,AIT,0.0
2020,16,FIT,0.0
2020,17,HAM,347.0
2020,17,BOT,223.0
2020,17,VER,214.0
2020,17,PER,125.0
2020,17,RIC,119.0
2020,17,SAI,105.0
2020,17,ALB,105.0
2020,17,LEC,98.0
2020,17,NOR,97.0
2020,17,GAS,75.0
2020,17,STR,75.0
2020,17,OCO,62.0
2020,17,VET,33.0
2020,17,KVY,32.0
2020,17,HUL,10.0
2020,17,GIO,4.0
2020,17,RAI,4.0
2020,17,RUS,3.0
2020,17,GRO,2.0
2020,17,MAG,1.0
2020,17,LAT,0.0
2020,17,AIT,0.0
2020,17,FIT,0.0
2021,1,HAM,25.0
2021,1,VER,18.0
2021,1,BOT,16.0
2021,1,NOR,12.0
2021,1,PER,10.0
2021,1,LEC,8.0
2021,1,RIC,6.0
2021,1,SAI,4.0
2021,1,TSU,2.0
2021,1,STR,1.0
2021,1,RAI,0.0
2021,1,GIO,0.0
2021,1,OCO,0.0
2021,1,RUS,0.0
2021,1,VET,0.0
2021,1,MSC,0.0
2021,1,GAS,0.0
2021,1,LAT,0.0
2021,1,ALO,0.0
2021,1,MAZ,0.0
2021,2,HAM,44.0
2021,2,VER,43.0
2021,2,NOR,27.0
2021,2,LEC,20.0
2021,2,BOT,16.0
2021,2,RIC,14.0
2021,2,SAI,14.0
2021,2,PER,10.0
2021,2,GAS,6.0
2021,2,STR,5.0
2021,2,TSU,2.0
2021,2,OCO,2.0
2021,2,ALO,1.0
2021,2,RAI,0.0
2021,2,GIO,0.0
2021,2,RUS,0.0
2021,2,VET,0.0
2021,2,MSC,0.0
2021,2,LAT,0.0
2021,2,MAZ,0.0
2021,3,HAM,69.0
2021,3,VER,61.0
2021,3,NOR,37.0
2021,3,BOT,32.0
2021,3,LEC,28.0
2021,3,PER,22.0
2021,3,RIC,16.0
2021,3,SAI,14.0
2021,3,OCO,8.0
2021,3,GAS,7.0
2021,3,STR,5.0
2021,3,ALO,5.0
2021,3,TSU,2.0
2021,3,RAI,0.0
2021,3,GIO,0.0
2021,3,RUS,0.0
2021,3,VET,0.0
2021,3,MSC,0.0
2021,3,LAT,0.0
2021,3,MAZ,0.0
2021,4,HAM,94.0
2021,4,VER,80.0
2021,4,BOT,47.0
2021,4,NOR,41.0
2021,4,LEC,40.0
2021,4,PER,32.0
2021,4,RIC,24.0
2021,4,SAI,20.0
2021,4,OCO,10.0
2021,4,GAS,8.0
2021,4,STR,5.0
2021,4,ALO,5.0
2021,4,TSU,2.0
2021,4,RAI,0.0
2021,4,GIO,0.0
2021,4,RUS,0.0
2021,4,VET,0.0
2021,4,MSC,0.0
2021,4,LAT,0.0
2021,4,MAZ,0.0
2021,5,VER,105.0
2021,5,HAM,101.0
2021,5,NOR,56.0
2021,5,BOT,47.0
2021,5,PER,44.0
2021,5,LEC,40.0
2021,5,SAI,38.0
2021,5,RIC,24.0
2021,5,GAS,16.0
2021,5,OCO,12.0
2021,5,VET,10.0
2021,5,STR,9.0
2021,5,ALO,5.0
2021,5,TSU,2.0
2021,5,GIO,1.0
2021,5,RAI,0.0
2021,5,RUS,0.0
2021,5,MSC,0.0
2021,5,LAT,0.0
2021,5,MAZ,0.0
2021,6,VER,105.0
2021,6,HAM,101.0
2021,6,PER,69.0
2021,6,NOR,66.0
2021,6,LEC,52.0
2021,6,BOT,47.0
2021,6,SAI,42.0
2021,6,GAS,31.0
2021,6,VET,28.0
2021,6,RIC,26.0
2021,6,ALO,13.0
2021,6,OCO,12.0
2021,6,STR,9.0
2021,6,TSU,8.0
2021,6,RAI,1.0
2021,6,GIO,1.0
2021,6,RUS,0.0
2021,6,MSC,0.0
2021,6,LAT,0.0
2021,6,MAZ,0.0
2021,7,VER,131.0
2021,7,HAM,119.0
2021,7,PER,84.0
2021,7,NOR,76.0
2021,7,BOT,59.0
2021,7,LEC,52.0
2021,7,SAI,42.0
2021,7,GAS,37.0
2021,7,RIC,34.0
2021,7,VET,30.0
2021,7,ALO,17.0
2021,7,OCO,12.0
2021,7,STR,10.0
2021,7,TSU,8.0
2021,7,RAI,1.0
2021,7,GIO,1.0
2021,7,RUS,0.0
2021,7,MSC,0.0
2021,7,LAT,0.0
2021,7,MAZ,0.0
2021,8,VER,156.0
2021,8,HAM,138.0
2021,8,PER,96.0
2021,8,NOR,86.0
2021,8,BOT,74.0
2021,8,LEC,58.0
2021,8,SAI,50.0
2021,8,GAS,37.0
2021,8,RIC,34.0
2021,8,VET,30.0
2021,8,ALO,19.0
2021,8,STR,14.0
2021,8,OCO,12.0
2021,8,TSU,9.0
2021,8,RAI,1.0
2021,8,GIO,1.0
2021,8,RUS,0.0
2021,8,MSC,0.0
2021,8,LAT,0.0
2021,8,MAZ,0.0
2021,9,VER,182.0
2021,9,HAM,150.0
2021,9,PER,104.0
2021,9,NOR,101.0
2021,9,BOT,92.0
2021,9,LEC,62.0
2021,9,SAI,60.0
2021,9,RIC,40.0
2021,9,GAS,39.0
2021,9,VET,30.0
2021,9,ALO,20.0
2021,9,STR,14.0
2021,9,OCO,12.0
2021,9,TSU,9.0
2021,9,RAI,1.0
2021,9,GIO,1.0
2021,9,RUS,0.0
2021,9,MSC,0.0
2021,9,LAT,0.0
2021,9,MAZ,0.0
2021,10,VER,185.0
2021,10,HAM,177.0
2021,10,NOR,113.0
2021,10,BOT,108.0
2021,10,PER,104.0
2021,10,LEC,80.0
2021,10,SAI,68.0
2021,10,RIC,50.0
2021,10,GAS,39.0
2021,10,VET,30.0
2021,10,ALO,26.0
2021,10,STR,18.0
2021,10,OCO,14.0
2021,10,TSU,10.0
2021,10,RAI,1.0
2021,10,GIO,1.0
2021,10,RUS,0.0
2021,10,MSC,0.0
2021,10,LAT,0.0
2021,10,MAZ,0.0
2021,11,HAM,195.0
2021,11,VER,187.0
2021,11,NOR,113.0
2021,11,BOT,108.0
2021,11,PER,104.0
2021,11,SAI,83.0
2021,11,LEC,80.0
2021,11,RIC,50.0
2021,11,GAS,50.0
2021,11,OCO,39.0
2021,11,ALO,38.0
2021,11,VET,30.0
2021,11,TSU,18.0
2021,11,STR,18.0
2021,11,LAT,6.0
2021,11,RUS,4.0
2021,11,RAI,2.0
2021,11,GIO,1.0
2021,11,MSC,0.0
2021,11,MAZ,0.0
2021,12,HAM,202.5
2021,12,VER,199.5
2021,12,NOR,113.0
2021,12,BOT,108.0
2021,12,PER,104.0
2021,12,SAI,83.5
2021,12,LEC,82.0
2021,12,RIC,56.0
2021,12,GAS,54.0
2021,12,OCO,42.0
2021,12,ALO,38.0
2021,12,VET,35.0
2021,12,TSU,18.0
2021,12,STR,18.0
2021,12,RUS,13.0
2021,12,LAT,7.0
2021,12,RAI,2.0
2021,12,GIO,1.0
2021,12,MSC,0.0
2021,12,MAZ,0.0
2021,13,VER,224.5
2021,13,HAM,221.5
2021,13,BOT,123.0
2021,13,NOR,114.0
2021,13,PER,108.0
2021,13,LEC,92.0
2021,13,SAI,89.5
2021,13,GAS,66.0
2021,13,RIC,56.0
2021,13,ALO,46.0
2021,13,OCO,44.0
2021,13,VET,35.0
2021,13,TSU,18.0
2021,13,STR,18.0
2021,13,RUS,13.0
2021,13,LAT,7.0
2021,13,RAI,2.0
2021,13,GIO,1.0
2021,13,MSC,0.0
2021,13,MAZ,0.0
2021,13,KUB,0.0
2021,14,VER,226.5
2021,14,HAM,221.5
2021,14,BOT,141.0
2021,14,NOR,132.0
2021,14,PER,118.0
2021,14,LEC,104.0
2021,14,SAI,97.5
2021,14,RIC,83.0
2021,14,GAS,66.0
2021,14,ALO,50.0
2021,14,OCO,45.0
2021,14,VET,35.0
2021,14,STR,24.0
2021,14,TSU,18.0
2021,14,RUS,15.0
2021,14,LAT,7.0
2021,14,RAI,2.0
2021,14,GIO,1.0
2021,14,MSC,0.0
2021,14,MAZ,0.0
2021,14,KUB,0.0
2021,15,HAM,246.5
2021,15,VER,244.5
2021,15,BOT,151.0
2021,15,NOR,139.0
2021,15,PER,120.0
2021,15,SAI,112.5
2021,15,LEC,104.0
2021,15,RIC,95.0
2021,15,GAS,66.0
2021,15,ALO,58.0
2021,15,OCO,45.0
2021,15,VET,35.0
2021,15,STR,24.0
2021,15,TSU,18.0
2021,15,RUS,16.0
2021,15,LAT,7.0
2021,15,RAI,6.0
2021,15,GIO,1.0
2021,15,MSC,0.0
2021,15,MAZ,0.0
2021,15,KUB,0.0
2021,16,VER,262.5
2021,16,HAM,256.5
2021,16,BOT,177.0
2021,16,NOR,145.0
2021,16,PER,135.0
2021,16,SAI,116.5
2021,16,LEC,116.0
2021,16,RIC,95.0
2021,16,GAS,74.0
2021,16,ALO,58.0
2021,16,OCO,46.0
2021,16,VET,35.0
2021,16,STR,26.0
2021,16,TSU,18.0
2021,16,RUS,16.0
2021,16,LAT,7.0
2021,16,RAI,6.0
2021,16,GIO,1.0
2021,16,MSC,0.0
2021,16,MAZ,0.0
2021,16,KUB,0.0
2021,17,VER,287.5
2021,17,HAM,275.5
2021,17,BOT,185.0
2021,17,PER,150.0
2021,17,NOR,149.0
2021,17,LEC,128.0
2021,17,SAI,122.5
2021,17,RIC,105.0
2021,17,GAS,74.0
2021,17,ALO,58.0
2021,17,OCO,46.0
2021,17,VET,36.0
2021,17,STR,26.0
2021,17,TSU,20.0
2021,17,RUS,16.0
2021,17,LAT,7.0
2021,17,RAI,6.0
2021,17,GIO,1.0
2021,17,MSC,0.0
2021,17,MAZ,0.0
2021,17,KUB,0.0
2021,18,VER,312.5
2021,18,HAM,293.5
2021,18,BOT,185.0
2021,18,PER,165.0
2021,18,NOR,150.0
2021,18,LEC,138.0
2021,18,SAI,130.5
2021,18,RIC,105.0
2021,18,GAS,86.0
2021,18,ALO,60.0
2021,18,OCO,46.0
2021,18,VET,42.0
2021,18,STR,26.0
2021,18,TSU,20.0
2021,18,RUS,16.0
2021,18,RAI,10.0
2021,18,LAT,7.0
2021,18,GIO,1.0
2021,18,MSC,0.0
2021,18,MAZ,0.0
2021,18,KUB,0.0
2021,19,VER,332.5
2021,19,HAM,318.5
2021,19,BOT,203.0
2021,19,PER,178.0
2021,19,NOR,151.0
2021,19,LEC,148.0
2021,19,SAI,139.5
2021,19,RIC,105.0
2021,19,GAS,92.0
2021,19,ALO,62.0
2021,19,OCO,50.0
2021,19,VET,42.0
2021,19,STR,26.0
2021,19,TSU,20.0
2021,19,RUS,16.0
2021,19,RAI,10.0
2021,19,LAT,7.0
2021,19,GIO,1.0
2021,19,MSC,0.0
2021,19,MAZ,0.0
2021,19,KUB,0.0
2021,20,VER,351.5
2021,20,HAM,343.5
2021,20,BOT,203.0
2021,20,PER,190.0
2021,20,NOR,153.0
2021,20,LEC,152.0
2021,20,SAI,145.5
2021,20,RIC,105.0
2021,20,GAS,92.0
2021,20,ALO,77.0
2021,20,OCO,60.0
2021,20,VET,43.0
2021,20,STR,34.0
2021,20,TSU,20.0
2021,20,RUS,16.0
2021,20,RAI,10.0
2021,20,LAT,7.0
2021,20,GIO,1.0
2021,20,MSC,0.0
2021,20,MAZ,0.0
2021,20,KUB,0.0
2021,21,HAM,369.5
2021,21,VER,369.5
2021,21,BOT,218.0
2021,21,PER,190.0
2021,21,LEC,158.0
2021,21,NOR,154.0
2021,21,SAI,149.5
2021,21,RIC,115.0
2021,21,GAS,100.0
2021,21,ALO,77.0
2021,21,OCO,72.0
2021,21,VET,43.0
2021,21,STR,34.0
2021,21,TSU,20.0
2021,21,RUS,16.0
2021,21,RAI,10.0
2021,21,LAT,7.0
2021,21,GIO,3.0
2021,21,MSC,0.0
2021,21,MAZ,0.0
2021,21,KUB,0.0
2021,22,VER,395.5
2021,22,HAM,387.5
2021,22,BOT,226.0
2021,22,PER,190.0
2021,22,SAI,164.5
2021,22,NOR,160.0
2021,22,LEC,159.0
2021,22,RIC,115.0
2021,22,GAS,110.0
2021,22,ALO,81.0
2021,22,OCO,74.0
2021,22,VET,43.0
2021,22,STR,34.0
2021,22,TSU,32.0
2021,22,RUS,16.0
2021,22,RAI,10.0
2021,22,LAT,7.0
2021,22,GIO,3.0
2021,22,MSC,0.0
2021,22,MAZ,0.0
2021,22,KUB,0.0
2022,1,LEC,26.0
2022,1,SAI,18.0
2022,1,HAM,15.0
2022,1,RUS,12.0
2022,1,MAG,10.0
2022,1,BOT,8.0
2022,1,OCO,6.0
2022,1,TSU,4.0
2022,1,ALO,2.0
2022,1,ZHO,1.0
2022,1,MSC,0.0
2022,1,STR,0.0
2022,1,ALB,0.0
2022,1,RIC,0.0
2022,1,NOR,0.0
2022,1,LAT,0.0
2022,1,HUL,0.0
2022,1,PER,0.0
2022,1,VER,0.0
2022,1,GAS,0.0
2022,2,LEC,45.0
2022,2,SAI,33.0
2022,2,VER,25.0
2022,2,RUS,22.0
2022,2,HAM,16.0
2022,2,OCO,14.0
2022,2,MAG,12.0
2022,2,PER,12.0
2022,2,BOT,8.0
2022,2,NOR,6.0
2022,2,TSU,4.0
2022,2,GAS,4.0
2022,2,ALO,2.0
2022,2,ZHO,1.0
2022,2,MSC,0.0
2022,2,STR,0.0
2022,2,ALB,0.0
2022,2,RIC,0.0
2022,2,LAT,0.0
2022,2,HUL,0.0
2022,3,LEC,71.0
2022,3,RUS,37.0
2022,3,SAI,33.0
2022,3,PER,30.0
2022,3,HAM,28.0
2022,3,VER,25.0
2022,3,OCO,20.0
2022,3,NOR,16.0
2022,3,MAG,12.0
2022,3,BOT,12.0
2022,3,RIC,8.0
2022,3,GAS,6.0
2022,3,TSU,4.0
2022,3,ALO,2.0
2022,3,ZHO,1.0
2022,3,ALB,1.0
2022,3,MSC,0.0
2022,3,STR,0.0
2022,3,LAT,0.0
2022,3,HUL,0.0
2022,3,VET,0.0
2022,4,LEC,86.0
2022,4,VER,59.0
2022,4,PER,54.0
2022,4,RUS,49.0
2022,4,SAI,38.0
2022,4,NOR,35.0
2022,4,HAM,28.0
2022,4,BOT,24.0
2022,4,OCO,20.0
2022,4,MAG,15.0
2022,4,RIC,11.0
2022,4,TSU,10.0
2022,4,GAS,6.0
2022,4,VET,4.0
2022,4,ALO,2.0
2022,4,ZHO,1.0
2022,4,STR,1.0
2022,4,ALB,1.0
2022,4,MSC,0.0
2022,4,LAT,0.0
2022,4,HUL,0.0
2022,5,LEC,104.0
2022,5,VER,85.0
2022,5,PER,66.0
2022,5,RUS,59.0
2022,5,SAI,53.0
2022,5,HAM,36.0
2022,5,NOR,35.0
2022,5,BOT,30.0
2022,5,OCO,24.0
2022,5,MAG,15.0
2022,5,RIC,11.0
2022,5,TSU,10.0
2022,5,GAS,6.0
2022,5,VET,4.0
2022,5,ALB,3.0
2022,5,ALO,2.0
2022,5,STR,2.0
2022,5,ZHO,1.0
2022,5,MSC,0.0
2022,5,LAT,0.0
2022,5,HUL,0.0
2022,6,VER,110.0
2022,6,LEC,104.0
2022,6,PER,85.0
2022,6,RUS,74.0
2022,6,SAI,65.0
2022,6,HAM,46.0
2022,6,NOR,39.0
2022,6,BOT,38.0
2022,6,OCO,30.0
2022,6,MAG,15.0
2022,6,TSU,11.0
2022,6,RIC,11.0
2022,6,GAS,6.0
2022,6,ALO,4.0
2022,6,VET,4.0
2022,6,ALB,3.0
2022,6,STR,2.0
2022,6,ZHO,1.0
2022,6,MSC,0.0
2022,6,LAT,0.0
2022,6,HUL,0.0
2022,7,VER,125.0
2022,7,LEC,116.0
2022,7,PER,110.0
2022,7,RUS,84.0
2022,7,SAI,83.0
2022,7,HAM,50.0
2022,7,NOR,48.0
2022,7,BOT,40.0
2022,7,OCO,30.0
2022,7,MAG,15.0
2022,7,TSU,11.0
2022,7,RIC,11.0
2022,7,ALO,10.0
2022,7,GAS,6.0
2022,7,VET,5.0
2022,7,ALB,3.0
2022,7,STR,2.0
2022,7,ZHO,1.0
2022,7,MSC,0.0
2022,7,LAT,0.0
2022,7,HUL,0.0
2022,8,VER,150.0
2022,8,PER,129.0
2022,8,LEC,116.0
2022,8,RUS,99.0
2022,8,SAI,83.0
2022,8,HAM,62.0
2022,8,NOR,50.0
2022,8,BOT,40.0
2022,8,OCO,31.0
2022,8,ALO,16.0
2022,8,GAS,16.0
2022,8,MAG,15.0
2022,8,RIC,15.0
2022,8,VET,13.0
2022,8,TSU,11.0
2022,8,ALB,3.0
2022,8,STR,2.0
2022,8,ZHO,1.0
2022,8,MSC,0.0
2022,8,LAT,0.0
2022,8,HUL,0.0
2022,9,VER,175.0
2022,9,PER,129.0
2022,9,LEC,126.0
2022,9,RUS,111.0
2022,9,SAI,102.0
2022,9,HAM,77.0
2022,9,NOR,50.0
2022,9,BOT,46.0
2022,9,OCO,39.0
2022,9,ALO,18.0
2022,9,GAS,16.0
2022,9,MAG,15.0
2022,9,RIC,15.0
2022,9,VET,13.0
2022,9,TSU,11.0
2022,9,ZHO,5.0
2022,9,STR,3.0
2022,9,ALB,3.0
2022,9,MSC,0.0
2022,9,LAT,0.0
2022,9,HUL,0.0
2022,10,VER,181.0
2022,10,PER,147.0
2022,10,LEC,138.0
2022,10,SAI,127.0
2022,10,RUS,111.0
2022,10,HAM,93.0
2022,10,NOR,58.0
2022,10,BOT,46.0
2022,10,OCO,39.0
2022,10,ALO,28.0
2022,10,MAG,16.0
2022,10,GAS,16.0
2022,10,RIC,15.0
2022,10,VET,15.0
2022,10,TSU,11.0
2022,10,ZHO,5.0
2022,10,MSC,4.0
2022,10,STR,3.0
2022,10,ALB,3.0
2022,10,LAT,0.0
2022,10,HUL,0.0
2022,11,VER,208.0
2022,11,LEC,170.0
2022,11,PER,151.0
2022,11,SAI,133.0
2022,11,RUS,128.0
2022,11,HAM,109.0
2022,11,NOR,64.0
2022,11,OCO,52.0
2022,11,BOT,46.0
2022,11,ALO,29.0
2022,11,MAG,22.0
2022,11,RIC,17.0
2022,11,GAS,16.0
2022,11,VET,15.0
2022,11,MSC,12.0
2022,11,TSU,11.0
2022,11,ZHO,5.0
2022,11,STR,3.0
2022,11,ALB,3.0
2022,11,LAT,0.0
2022,11,HUL,0.0
2022,12,VER,233.0
2022,12,LEC,170.0
2022,12,PER,163.0
2022,12,SAI,144.0
2022,12,RUS,143.0
2022,12,HAM,127.0
2022,12,NOR,70.0
2022,12,OCO,56.0
2022,12,BOT,46.0
2022,12,ALO,37.0
2022,12,MAG,22.0
2022,12,RIC,19.0
2022,12,GAS,16.0
2022,12,VET,15.0
2022,12,MSC,12.0
2022,12,TSU,11.0
2022,12,ZHO,5.0
2022,12,STR,4.0
2022,12,ALB,3.0
2022,12,LAT,0.0
2022,12,HUL,0.0
2022,13,VER,258.0
2022,13,LEC,178.0
2022,13,PER,173.0
2022,13,RUS,158.0
2022,13,SAI,156.0
2022,13,HAM,146.0
2022,13,NOR,76.0
2022,13,OCO,58.0
2022,13,BOT,46.0
2022,13,ALO,41.0
2022,13,MAG,22.0
2022,13,RIC,19.0
2022,13,GAS,16.0
2022,13,VET,16.0
2022,13,MSC,12.0
2022,13,TSU,11.0
2022,13,ZHO,5.0
2022,13,STR,4.0
2022,13,ALB,3.0
2022,13,LAT,0.0
2022,13,HUL,0.0
2022,14,VER,284.0
2022,14,PER,191.0
2022,14,LEC,186.0
2022,14,SAI,171.0
2022,14,RUS,170.0
2022,14,HAM,146.0
2022,14,NOR,76.0
2022,14,OCO,64.0
2022,14,ALO,51.0
2022,14,BOT,46.0
2022,14,MAG,22.0
2022,14,VET,20.0
2022,14,RIC,19.0
2022,14,GAS,18.0
2022,14,MSC,12.0
2022,14,TSU,11.0
2022,14,ZHO,5.0
2022,14,STR,4.0
2022,14,ALB,4.0
2022,14,LAT,0.0
2022,14,HUL,0.0
2022,15,VER,310.0
2022,15,LEC,201.0
2022,15,PER,201.0
2022,15,RUS,188.0
2022,15,SAI,175.0
2022,15,HAM,158.0
2022,15,NOR,82.0
2022,15,OCO,66.0
2022,15,ALO,59.0
2022,15,BOT,46.0
2022,15,MAG,22.0
2022,15,VET,20.0
2022,15,RIC,19.0
2022,15,GAS,18.0
2022,15,MSC,12.0
2022,15,TSU,11.0
2022,15,ZHO,5.0
2022,15,STR,5.0
2022,15,ALB,4.0
2022,15,LAT,0.0
2022,15,HUL,0.0
2022,16,VER,335.0
2022,16,LEC,219.0
2022,16,PER,210.0
2022,16,RUS,203.0
2022,16,SAI,187.0
2022,16,HAM,168.0
2022,16,NOR,88.0
2022,16,OCO,66.0
2022,16,ALO,59.0
2022,16,BOT,46.0
2022,16,MAG,22.0
2022,16,GAS,22.0
2022,16,VET,20.0
2022,16,RIC,19.0
2022,16,MSC,12.0
2022,16,TSU,11.0
2022,16,ZHO,6.0
2022,16,STR,5.0
2022,16,ALB,4.0
2022,16,DEV,2.0
2022,16,LAT,0.0
2022,16,HUL,0.0
2022,17,VER,341.0
2022,17,LEC,237.0
2022,17,PER,235.0
2022,17,RUS,203.0
2022,17,SAI,202.0
2022,17,HAM,170.0
2022,17,NOR,100.0
2022,17,OCO,66.0
2022,17,ALO,59.0
2022,17,BOT,46.0
2022,17,RIC,29.0
2022,17,VET,24.0
2022,17,GAS,23.0
2022,17,MAG,22.0
2022,17,STR,13.0
2022,17,MSC,12.0
2022,17,TSU,11.0
2022,17,ZHO,6.0
2022,17,ALB,4.0
2022,17,DEV,2.0
2022,17,LAT,0.0
2022,17,HUL,0.0
2022,18,VER,366.0
2022,18,PER,253.0
2022,18,LEC,252.0
2022,18,RUS,207.0
2022,18,SAI,202.0
2022,18,HAM,180.0
2022,18,NOR,101.0
2022,18,OCO,78.0
2022,18,ALO,65.0
2022,18,BOT,46.0
2022,18,VET,32.0
2022,18,RIC,29.0
2022,18,GAS,23.0
2022,18,MAG,22.0
2022,18,STR,13.0
2022,18,MSC,12.0
2022,18,TSU,11.0
2022,18,ZHO,6.0
2022,18,ALB,4.0
2022,18,LAT,2.0
2022,18,DEV,2.0
2022,18,HUL,0.0
2022,19,VER,391.0
2022,19,LEC,267.0
2022,19,PER,265.0
2022,19,RUS,218.0
2022,19,SAI,202.0
2022,19,HAM,198.0
2022,19,NOR,109.0
2022,19,OCO,78.0
2022,19,ALO,71.0
2022,19,BOT,46.0
2022,19,VET,36.0
2022,19,RIC,29.0
2022,19,MAG,24.0
2022,19,GAS,23.0
2022,19,STR,13.0
2022,19,TSU,12.0
2022,19,MSC,12.0
2022,19,ZHO,6.0
2022,19,ALB,4.0
2022,19,LAT,2.0
2022,19,DEV,2.0
2022,19,HUL,0.0
2022,20,VER,416.0
2022,20,PER,280.0
2022,20,LEC,275.0
2022,20,RUS,231.0
2022,20,HAM,216.0
2022,20,SAI,212.0
2022,20,NOR,111.0
2022,20,OCO,82.0
2022,20,ALO,71.0
2022,20,BOT,47.0
2022,20,VET,36.0
2022,20,RIC,35.0
2022,20,MAG,24.0
2022,20,GAS,23.0
2022,20,STR,13.0
2022,20,TSU,12.0
2022,20,MSC,12.0
2022,20,ZHO,6.0
2022,20,ALB,4.0
2022,20,LAT,2.0
2022,20,DEV,2.0
2022,20,HUL,0.0
2022,21,VER,429.0
2022,21,LEC,290.0
2022,21,PER,290.0
2022,21,RUS,265.0
2022,21,HAM,240.0
2022,21,SAI,234.0
2022,21,NOR,113.0
2022,21,OCO,86.0
2022,21,ALO,81.0
2022,21,BOT,49.0
2022,21,VET,36.0
2022,21,RIC,35.0
2022,21,MAG,25.0
2022,21,GAS,23.0
2022,21,STR,14.0
2022,21,TSU,12.0
2022,21,MSC,12.0
2022,21,ZHO,6.0
2022,21,ALB,4.0
2022,21,LAT,2.0
2022,21,DEV,2.0
2022,21,HUL,0.0
2022,22,VER,454.0
2022,22,LEC,308.0
2022,22,PER,305.0
2022,22,RUS,275.0
2022,22,SAI,246.0
2022,22,HAM,240.0
2022,22,NOR,122.0
2022,22,OCO,92.0
2022,22,ALO,81.0
2022,22,BOT,49.0
2022,22,RIC,37.0
2022,22,VET,37.0
2022,22,MAG,25.0
2022,22,GAS,23.0
2022,22,STR,18.0
2022,22,TSU,12.0
2022,22,MSC,12.0
2022,22,ZHO,6.0
2022,22,ALB,4.0
2022,22,LAT,2.0
2022,22,DEV,2.0
2022,22,HUL,0.0
2023,1,VER,25.0
2023,1,PER,18.0
2023,1,ALO,15.0
2023,1,SAI,12.0
2023,1,HAM,10.0
2023,1,STR,8.0
2023,1,RUS,6.0
2023,1,BOT,4.0
2023,1,GAS,2.0
2023,1,ALB,1.0
2023,1,TSU,0.0
2023,1,SAR,0.0
2023,1,MAG,0.0
2023,1,DEV,0.0
2023,1,HUL,0.0
2023,1,ZHO,0.0
2023,1,NOR,0.0
2023,1,OCO,0.0
2023,1,LEC,0.0
2023,1,PIA,0.0
2023,2,VER,44.0
2023,2,PER,43.0
2023,2,ALO,30.0
2023,2,SAI,20.0
2023,2,HAM,20.0
2023,2,RUS,18.0
2023,2,STR,8.0
2023,2,LEC,6.0
2023,2,BOT,4.0
2023,2,GAS,4.0
2023,2,OCO,4.0
2023,2,ALB,1.0
2023,2,MAG,1.0
2023,2,TSU,0.0
2023,2,SAR,0.0
2023,2,DEV,0.0
2023,2,HUL,0.0
2023,2,ZHO,0.0
2023,2,NOR,0.0
2023,2,PIA,0.0
2023,3,VER,69.0
2023,3,PER,54.0
2023,3,ALO,45.0
2023,3,HAM,38.0
2023,3,SAI,20.0
2023,3,STR,20.0
2023,3,RUS,18.0
2023,3,NOR,8.0
2023,3,HUL,6.0
2023,3,LEC,6.0
2023,3,BOT,4.0
2023,3,GAS,4.0
2023,3,OCO,4.0
2023,3,PIA,4.0
2023,3,ZHO,2.0
2023,3,ALB,1.0
2023,3,TSU,1.0
2023,3,MAG,1.0
2023,3,SAR,0.0
2023,3,DEV,0.0
2023,4,VER,93.0
2023,4,PER,87.0
2023,4,ALO,60.0
2023,4,HAM,48.0
2023,4,SAI,34.0
2023,4,RUS,28.0
2023,4,LEC,28.0
2023,4,STR,27.0
2023,4,NOR,10.0
2023,4,HUL,6.0
2023,4,BOT,4.0
2023,4,GAS,4.0
2023,4,OCO,4.0
2023,4,PIA,4.0
2023,4,TSU,2.0
2023,4,ZHO,2.0
2023,4,ALB,1.0
2023,4,MAG,1.0
2023,4,SAR,0.0
2023,4,DEV,0.0
2023,5,VER,119.0
2023,5,PER,105.0
2023,5,ALO,75.0
2023,5,HAM,56.0
2023,5,SAI,44.0
2023,5,RUS,40.0
2023,5,LEC,34.0
2023,5,STR,27.0
2023,5,NOR,10.0
2023,5,GAS,8.0
2023,5,HUL,6.0
2023,5,OCO,6.0
2023,5,BOT,4.0
2023,5,PIA,4.0
2023,5,TSU,2.0
2023,5,MAG,2.0
2023,5,ZHO,2.0
2023,5,ALB,1.0
2023,5,SAR,0.0
2023,5,DEV,0.0
2023,6,VER,144.0
2023,6,PER,105.0
2023,6,ALO,93.0
2023,6,HAM,69.0
2023,6,RUS,50.0
2023,6,SAI,48.0
2023,6,LEC,42.0
2023,6,STR,27.0
2023,6,OCO,21.0
2023,6,GAS,14.0
2023,6,NOR,12.0
2023,6,HUL,6.0
2023,6,PIA,5.0
2023,6,BOT,4.0
2023,6,TSU,2.0
2023,6,MAG,2.0
2023,6,ZHO,2.0
2023,6,ALB,1.0
2023,6,SAR,0.0
2023,6,DEV,0.0
2023,7,VER,170.0
2023,7,PER,117.0
2023,7,ALO,99.0
2023,7,HAM,87.0
2023,7,RUS,65.0
2023,7,SAI,58.0
2023,7,LEC,42.0
2023,7,STR,35.0
2023,7,OCO,25.0
2023,7,GAS,15.0
2023,7,NOR,12.0
2023,7,HUL,6.0
2023,7,PIA,5.0
2023,7,BOT,4.0
2023,7,ZHO,4.0
2023,7,TSU,2.0
2023,7,MAG,2.0
2023,7,ALB,1.0
2023,7,SAR,0.0
2023,7,DEV,0.0
2023,8,VER,195.0
2023,8,PER,126.0
2023,8,ALO,117.0
2023,8,HAM,102.0
2023,8,SAI,68.0
2023,8,RUS,65.0
2023,8,LEC,54.0
2023,8,STR,37.0
2023,8,OCO,29.0
2023,8,GAS,15.0
2023,8,NOR,12.0
2023,8,ALB,7.0
2023,8,HUL,6.0
2023,8,BOT,5.0
2023,8,PIA,5.0
2023,8,ZHO,4.0
2023,8,TSU,2.0
2023,8,MAG,2.0
2023,8,SAR,0.0
2023,8,DEV,0.0
2023,9,VER,229.0
2023,9,PER,148.0
2023,9,ALO,131.0
2023,9,HAM,106.0
2023,9,SAI,82.0
2023,9,RUS,72.0
2023,9,LEC,72.0
2023,9,STR,44.0
2023,9,OCO,31.0
2023,9,NOR,24.0
2023,9,GAS,16.0
2023,9,HUL,9.0
2023,9,ALB,7.0
2023,9,BOT,5.0
2023,9,PIA,5.0
2023,9,ZHO,4.0
2023,9,TSU,2.0
2023,9,MAG,2.0
2023,9,SAR,0.0
2023,9,DEV,0.0
2023,10,VER,255.0
2023,10,PER,156.0
2023,10,ALO,137.0
2023,10,HAM,121.0
2023,10,SAI,83.0
2023,10,RUS,82.0
2023,10,LEC,74.0
2023,10,STR,44.0
2023,10,NOR,42.0
2023,10,OCO,31.0
2023,10,PIA,17.0
2023,10,GAS,16.0
2023,10,ALB,11.0
2023,10,HUL,9.0
2023,10,BOT,5.0
2023,10,ZHO,4.0
2023,10,TSU,2.0
2023,10,MAG,2.0
2023,10,SAR,0.0
2023,10,DEV,0.0
2023,11,VER,281.0
2023,11,PER,171.0
2023,11,ALO,139.0
2023,11,HAM,133.0
2023,11,RUS,90.0
2023,11,SAI,87.0
2023,11,LEC,80.0
2023,11,NOR,60.0
2023,11,STR,45.0
2023,11,OCO,31.0
2023,11,PIA,27.0
2023,11,GAS,16.0
2023,11,ALB,11.0
2023,11,HUL,9.0
2023,11,BOT,5.0
2023,11,ZHO,4.0
2023,11,TSU,2.0
2023,11,MAG,2.0
2023,11,SAR,0.0
2023,11,DEV,0.0
2023,11,RIC,0.0
2023,12,VER,314.0
2023,12,PER,189.0
2023,12,ALO,149.0
2023,12,HAM,148.0
2023,12,RUS,99.0
2023,12,LEC,99.0
2023,12,SAI,92.0
2023,12,NOR,69.0
2023,12,STR,47.0
2023,12,OCO,35.0
2023,12,PIA,34.0
2023,12,GAS,22.0
2023,12,ALB,11.0
2023,12,HUL,9.0
2023,12,BOT,5.0
2023,12,ZHO,4.0
2023,12,TSU,3.0
2023,12,MAG,2.0
2023,12,SAR,0.0
2023,12,DEV,0.0
2023,12,RIC,0.0
2023,13,VER,339.0
2023,13,PER,201.0
2023,13,ALO,168.0
2023,13,HAM,156.0
2023,13,SAI,102.0
2023,13,RUS,99.0
2023,13,LEC,99.0
2023,13,NOR,75.0
2023,13,STR,47.0
2023,13,GAS,37.0
2023,13,OCO,36.0
2023,13,PIA,36.0
2023,13,ALB,15.0
2023,13,HUL,9.0
2023,13,BOT,5.0
2023,13,ZHO,4.0
2023,13,TSU,3.0
2023,13,MAG,2.0
2023,13,SAR,0.0
2023,13,DEV,0.0
2023,13,RIC,0.0
2023,13,LAW,0.0
2023,14,VER,364.0
2023,14,PER,219.0
2023,14,ALO,170.0
2023,14,HAM,164.0
2023,14,SAI,117.0
2023,14,LEC,111.0
2023,14,RUS,109.0
2023,14,NOR,79.0
2023,14,STR,47.0
2023,14,GAS,37.0
2023,14,OCO,36.0
2023,14,PIA,36.0
2023,14,ALB,21.0
2023,14,HUL,9.0
2023,14,BOT,6.0
2023,14,ZHO,4.0
2023,14,TSU,3.0
2023,14,MAG,2.0
2023,14,SAR,0.0
2023,14,DEV,0.0
2023,14,RIC,0.0
2023,14,LAW,0.0
2023,15,VER,374.0
2023,15,PER,223.0
2023,15,HAM,180.0
2023,15,ALO,170.0
2023,15,SAI,142.0
2023,15,LEC,123.0
2023,15,RUS,109.0
2023,15,NOR,97.0
2023,15,STR,47.0
2023,15,GAS,45.0
2023,15,PIA,42.0
2023,15,OCO,36.0
2023,15,ALB,21.0
2023,15,HUL,9.0
2023,15,BOT,6.0
2023,15,ZHO,4.0
2023,15,TSU,3.0
2023,15,MAG,3.0
2023,15,LAW,2.0
2023,15,SAR,0.0
2023,15,DEV,0.0
2023,15,RIC,0.0
2023,16,VER,400.0
2023,16,PER,223.0
2023,16,HAM,190.0
2023,16,ALO,174.0
2023,16,SAI,150.0
2023,16,LEC,135.0
2023,16,RUS,115.0
2023,16,NOR,115.0
2023,16,PIA,57.0
2023,16,STR,47.0
2023,16,GAS,46.0
2023,16,OCO,38.0
2023,16,ALB,21.0
2023,16,HUL,9.0
2023,16,BOT,6.0
2023,16,ZHO,4.0
2023,16,TSU,3.0
2023,16,MAG,3.0
2023,16,LAW,2.0
2023,16,SAR,0.0
2023,16,DEV,0.0
2023,16,RIC,0.0
2023,17,VER,433.0
2023,17,PER,224.0
2023,17,HAM,194.0
2023,17,ALO,183.0
2023,17,SAI,153.0
2023,17,LEC,145.0
2023,17,NOR,136.0
2023,17,RUS,132.0
2023,17,PIA,83.0
2023,17,STR,47.0
2023,17,GAS,46.0
2023,17,OCO,44.0
2023,17,ALB,23.0
2023,17,BOT,10.0
2023,17,HUL,9.0
2023,17,ZHO,6.0
2023,17,TSU,3.0
2023,17,MAG,3.0
2023,17,LAW,2.0
2023,17,SAR,0.0
2023,17,DEV,0.0
2023,17,RIC,0.0
2023,18,VER,466.0
2023,18,PER,240.0
2023,18,HAM,201.0
2023,18,ALO,183.0
2023,18,SAI,171.0
2023,18,NOR,159.0
2023,18,LEC,151.0
2023,18,RUS,143.0
2023,18,PIA,83.0
2023,18,GAS,56.0
2023,18,STR,53.0
2023,18,OCO,44.0
2023,18,ALB,25.0
2023,18,BOT,10.0
2023,18,HUL,9.0
2023,18,TSU,8.0
2023,18,ZHO,6.0
2023,18,MAG,3.0
2023,18,LAW,2.0
2023,18,SAR,1.0
2023,18,DEV,0.0
2023,18,RIC,0.0
2023,19,VER,491.0
2023,19,PER,240.0
2023,19,HAM,220.0
2023,19,ALO,183.0
2023,19,SAI,183.0
2023,19,NOR,169.0
2023,19,LEC,166.0
2023,19,RUS,151.0
2023,19,PIA,87.0
2023,19,GAS,56.0
2023,19,STR,53.0
2023,19,OCO,45.0
2023,19,ALB,27.0
2023,19,BOT,10.0
2023,19,HUL,9.0
2023,19,TSU,8.0
2023,19,ZHO,6.0
2023,19,RIC,6.0
2023,19,MAG,3.0
2023,19,LAW,2.0
2023,19,SAR,1.0
2023,19,DEV,0.0
2023,20,VER,524.0
2023,20,PER,258.0
2023,20,HAM,226.0
2023,20,ALO,198.0
2023,20,NOR,195.0
2023,20,SAI,192.0
2023,20,LEC,170.0
2023,20,RUS,156.0
2023,20,PIA,87.0
2023,20,STR,63.0
2023,20,GAS,62.0
2023,20,OCO,46.0
2023,20,ALB,27.0
2023,20,TSU,13.0
2023,20,BOT,10.0
2023,20,HUL,9.0
2023,20,ZHO,6.0
2023,20,RIC,6.0
2023,20,MAG,3.0
2023,20,LAW,2.0
2023,20,SAR,1.0
2023,20,DEV,0.0
2023,21,VER,549.0
2023,21,PER,273.0
2023,21,HAM,232.0
2023,21,ALO,200.0
2023,21,SAI,200.0
2023,21,NOR,195.0
2023,21,LEC,188.0
2023,21,RUS,160.0
2023,21,PIA,89.0
2023,21,STR,73.0
2023,21,GAS,62.0
2023,21,OCO,58.0
2023,21,ALB,27.0
2023,21,TSU,13.0
2023,21,BOT,10.0
2023,21,HUL,9.0
2023,21,ZHO,6.0
2023,21,RIC,6.0
2023,21,MAG,3.0
2023,21,LAW,2.0
2023,21,SAR,1.0
2023,21,DEV,0.0
2023,22,VER,575.0
2023,22,PER,285.0
2023,22,HAM,234.0
2023,22,ALO,206.0
2023,22,LEC,206.0
2023,22,NOR,205.0
2023,22,SAI,200.0
2023,22,RUS,175.0
2023,22,PIA,97.0
2023,22,STR,74.0
2023,22,GAS,62.0
2023,22,OCO,58.0
2023,22,ALB,27.0
2023,22,TSU,17.0
2023,22,BOT,10.0
2023,22,HUL,9.0
2023,22,ZHO,6.0
2023,22,RIC,6.0
2023,22,MAG,3.0
2023,22,LAW,2.0
2023,22,SAR,1.0
2023,22,DEV,0.0
2024,1,VER,26.0
2024,1,PER,18.0
2024,1,SAI,15.0
2024,1,LEC,12.0
2024,1,RUS,10.0
2024,1,NOR,8.0
2024,1,HAM,6.0
2024,1,PIA,4.0
2024,1,ALO,2.0
2024,1,STR,1.0
2024,1,ZHO,0.0
2024,1,MAG,0.0
2024,1,RIC,0.0
2024,1,TSU,0.0
2024,1,ALB,0.0
2024,1,HUL,0.0
2024,1,OCO,0.0
2024,1,GAS,0.0
2024,1,BOT,0.0
2024,1,SAR,0.0
2024,2,VER,51.0
2024,2,PER,36.0
2024,2,LEC,28.0
2024,2,RUS,18.0
2024,2,PIA,16.0
2024,2,SAI,15.0
2024,2,NOR,12.0
2024,2,ALO,12.0
2024,2,HAM,8.0
2024,2,BEA,6.0
2024,2,STR,1.0
2024,2,HUL,1.0
2024,2,ZHO,0.0
2024,2,MAG,0.0
2024,2,RIC,0.0
2024,2,TSU,0.0
2024,2,ALB,0.0
2024,2,OCO,0.0
2024,2,GAS,0.0
2024,2,BOT,0.0
2024,2,SAR,0.0
2024,3,VER,51.0
2024,3,LEC,47.0
2024,3,PER,46.0
2024,3,SAI,40.0
2024,3,PIA,28.0
2024,3,NOR,27.0
2024,3,RUS,18.0
2024,3,ALO,16.0
2024,3,STR,9.0
2024,3,HAM,8.0
2024,3,TSU,6.0
2024,3,BEA,6.0
2024,3,HUL,3.0
2024,3,MAG,1.0
2024,3,ZHO,0.0
2024,3,RIC,0.0
2024,3,ALB,0.0
2024,3,OCO,0.0
2024,3,GAS,0.0
2024,3,BOT,0.0
2024,3,SAR,0.0
2024,4,VER,77.0
2024,4,PER,64.0
2024,4,LEC,59.0
2024,4,SAI,55.0
2024,4,NOR,37.0
2024,4,PIA,32.0
2024,4,RUS,24.0
2024,4,ALO,24.0
2024,4,HAM,10.0
2024,4,STR,9.0
2024,4,TSU,7.0
2024,4,BEA,6.0
2024,4,HUL,3.0
2024,4,MAG,1.0
2024,4,ZHO,0.0
2024,4,RIC,0.0
2024,4,ALB,0.0
2024,4,OCO,0.0
2024,4,GAS,0.0
2024,4,BOT,0.0
2024,4,SAR,0.0
2024,5,VER,110.0
2024,5,PER,85.0
2024,5,LEC,76.0
2024,5,SAI,69.0
2024,5,NOR,58.0
2024,5,PIA,38.0
2024,5,RUS,33.0
2024,5,ALO,31.0
2024,5,HAM,19.0
2024,5,STR,9.0
2024,5,TSU,7.0
2024,5,BEA,6.0
2024,5,HUL,4.0
2024,5,MAG,1.0
2024,5,ZHO,0.0
2024,5,RIC,0.0
2024,5,ALB,0.0
2024,5,OCO,0.0
2024,5,GAS,0.0
2024,5,BOT,0.0
2024,5,SAR,0.0
2024,6,VER,136.0
2024,6,PER,103.0
2024,6,LEC,98.0
2024,6,SAI,83.0
2024,6,NOR,83.0
2024,6,PIA,41.0
2024,6,RUS,37.0
2024,6,ALO,33.0
2024,6,HAM,27.0
2024,6,TSU,14.0
2024,6,STR,9.0
2024,6,HUL,6.0
2024,6,BEA,6.0
2024,6,RIC,5.0
2024,6,MAG,1.0
2024,6,OCO,1.0
2024,6,ZHO,0.0
2024,6,ALB,0.0
2024,6,GAS,0.0
2024,6,BOT,0.0
2024,6,SAR,0.0
2024,7,VER,161.0
2024,7,LEC,113.0
2024,7,PER,107.0
2024,7,NOR,101.0
2024,7,SAI,93.0
2024,7,PIA,53.0
2024,7,RUS,44.0
2024,7,HAM,35.0
2024,7,ALO,33.0
2024,7,TSU,15.0
2024,7,STR,11.0
2024,7,HUL,6.0
2024,7,BEA,6.0
2024,7,RIC,5.0
2024,7,MAG,1.0
2024,7,OCO,1.0
2024,7,ZHO,0.0
2024,7,ALB,0.0
2024,7,GAS,0.0
2024,7,BOT,0.0
2024,7,SAR,0.0
2024,8,VER,169.0
2024,8,LEC,138.0
2024,8,NOR,113.0
2024,8,SAI,108.0
2024,8,PER,107.0
2024,8,PIA,71.0
2024,8,RUS,54.0
2024,8,HAM,42.0
2024,8,ALO,33.0
2024,8,TSU,19.0
2024,8,STR,11.0
2024,8,HUL,6.0
2024,8,BEA,6.0
2024,8,RIC,5.0
2024,8,ALB,2.0
2024,8,MAG,1.0
2024,8,OCO,1.0
2024,8,GAS,1.0
2024,8,ZHO,0.0
2024,8,BOT,0.0
2024,8,SAR,0.0
2024,9,VER,194.0
2024,9,LEC,138.0
2024,9,NOR,131.0
2024,9,SAI,108.0
2024,9,PER,107.0
2024,9,PIA,81.0
2024,9,RUS,69.0
2024,9,HAM,55.0
2024,9,ALO,41.0
2024,9,TSU,19.0
2024,9,STR,17.0
2024,9,RIC,9.0
2024,9,HUL,6.0
2024,9,BEA,6.0
2024,9,GAS,3.0
2024,9,ALB,2.0
2024,9,OCO,2.0
2024,9,MAG,1.0
2024,9,ZHO,0.0
2024,9,BOT,0.0
2024,9,SAR,0.0
2024,10,VER,219.0
2024,10,NOR,150.0
2024,10,LEC,148.0
2024,10,SAI,116.0
2024,10,PER,111.0
2024,10,PIA,87.0
2024,10,RUS,81.0
2024,10,HAM,70.0
2024,10,ALO,41.0
2024,10,TSU,19.0
2024,10,STR,17.0
2024,10,RIC,9.0
2024,10,HUL,6.0
2024,10,BEA,6.0
2024,10,GAS,5.0
2024,10,OCO,3.0
2024,10,ALB,2.0
2024,10,MAG,1.0
2024,10,ZHO,0.0
2024,10,BOT,0.0
2024,10,SAR,0.0
2024,11,VER,237.0
2024,11,NOR,156.0
2024,11,LEC,150.0
2024,11,SAI,135.0
2024,11,PER,118.0
2024,11,PIA,112.0
2024,11,RUS,111.0
2024,11,HAM,85.0
2024,11,ALO,41.0
2024,11,TSU,19.0
2024,11,STR,17.0
2024,11,HUL,14.0
2024,11,RIC,11.0
2024,11,GAS,6.0
2024,11,BEA,6.0
2024,11,MAG,5.0
2024,11,OCO,3.0
2024,11,ALB,2.0
2024,11,ZHO,0.0
2024,11,BOT,0.0
2024,11,SAR,0.0
2024,12,VER,255.0
2024,12,NOR,171.0
2024,12,LEC,150.0
2024,12,SAI,146.0
2024,12,PIA,124.0
2024,12,PER,118.0
2024,12,RUS,111.0
2024,12,HAM,110.0
2024,12,ALO,45.0
2024,12,STR,23.0
2024,12,HUL,22.0
2024,12,TSU,20.0
2024,12,RIC,11.0
2024,12,GAS,6.0
2024,12,BEA,6.0
2024,12,MAG,5.0
2024,12,ALB,4.0
2024,12,OCO,3.0
2024,12,ZHO,0.0
2024,12,BOT,0.0
2024,12,SAR,0.0
2024,13,VER,265.0
2024,13,NOR,189.0
2024,13,LEC,162.0
2024,13,SAI,154.0
2024,13,PIA,149.0
2024,13,HAM,125.0
2024,13,PER,124.0
2024,13,RUS,116.0
2024,13,ALO,45.0
2024,13,STR,24.0
2024,13,TSU,22.0
2024,13,HUL,22.0
2024,13,RIC,11.0
2024,13,GAS,6.0
2024,13,BEA,6.0
2024,13,MAG,5.0
2024,13,ALB,4.0
2024,13,OCO,3.0
2024,13,ZHO,0.0
2024,13,BOT,0.0
2024,13,SAR,0.0
2024,14,VER,277.0
2024,14,NOR,199.0
2024,14,LEC,177.0
2024,14,PIA,167.0
2024,14,SAI,162.0
2024,14,HAM,150.0
2024,14,PER,131.0
2024,14,RUS,116.0
2024,14,ALO,49.0
2024,14,STR,24.0
2024,14,TSU,22.0
2024,14,HUL,22.0
2024,14,RIC,12.0
2024,14,GAS,6.0
2024,14,BEA,6.0
2024,14,MAG,5.0
2024,14,OCO,5.0
2024,14,ALB,4.0
2024,14,ZHO,0.0
2024,14,BOT,0.0
2024,14,SAR,0.0
2024,15,VER,295.0
2024,15,NOR,225.0
2024,15,LEC,192.0
2024,15,PIA,179.0
2024,15,SAI,172.0
2024,15,HAM,154.0
2024,15,PER,139.0
2024,15,RUS,122.0
2024,15,ALO,50.0
2024,15,STR,24.0
2024,15,TSU,22.0
2024,15,HUL,22.0
2024,15,RIC,12.0
2024,15,GAS,8.0
2024,15,BEA,6.0
2024,15,MAG,5.0
2024,15,OCO,5.0
2024,15,ALB,4.0
2024,15,ZHO,0.0
2024,15,BOT,0.0
2024,15,SAR,0.0
2024,16,VER,303.0
2024,16,NOR,241.0
2024,16,LEC,217.0
2024,16,PIA,197.0
2024,16,SAI,184.0
2024,16,HAM,164.0
2024,16,PER,143.0
2024,16,RUS,128.0
2024,16,ALO,50.0
2024,16,STR,24.0
2024,16,TSU,22.0
2024,16,HUL,22.0
2024,16,RIC,12.0
2024,16,GAS,8.0
2024,16,MAG,6.0
2024,16,ALB,6.0
2024,16,BEA,6.0
2024,16,OCO,5.0
2024,16,ZHO,0.0
2024,16,BOT,0.0
2024,16,SAR,0.0
2024,16,COL,0.0
2024,17,VER,313.0
2024,17,NOR,254.0
2024,17,LEC,235.0
2024,17,PIA,222.0
2024,17,SAI,184.0
2024,17,HAM,166.0
2024,17,PER,143.0
2024,17,RUS,143.0
2024,17,ALO,58.0
2024,17,STR,24.0
2024,17,TSU,22.0
2024,17,HUL,22.0
2024,17,RIC,12.0
2024,17,ALB,12.0
2024,17,GAS,8.0
2024,17,BEA,7.0
2024,17,MAG,6.0
2024,17,OCO,5.0
2024,17,COL,4.0
2024,17,ZHO,0.0
2024,17,BOT,0.0
2024,17,SAR,0.0
2024,18,VER,331.0
2024,18,NOR,279.0
2024,18,LEC,245.0
2024,18,PIA,237.0
2024,18,SAI,190.0
2024,18,HAM,174.0
2024,18,RUS,155.0
2024,18,PER,144.0
2024,18,ALO,62.0
2024,18,STR,24.0
2024,18,HUL,24.0
2024,18,TSU,22.0
2024,18,RIC,12.0
2024,18,ALB,12.0
2024,18,GAS,8.0
2024,18,BEA,7.0
2024,18,MAG,6.0
2024,18,OCO,5.0
2024,18,COL,4.0
2024,18,ZHO,0.0
2024,18,BOT,0.0
2024,18,SAR,0.0
2024,19,VER,354.0
2024,19,NOR,297.0
2024,19,LEC,275.0
2024,19,PIA,247.0
2024,19,SAI,215.0
2024,19,HAM,177.0
2024,19,RUS,167.0
2024,19,PER,150.0
2024,19,ALO,62.0
2024,19,HUL,29.0
2024,19,STR,24.0
2024,19,TSU,22.0
2024,19,RIC,12.0
2024,19,ALB,12.0
2024,19,MAG,8.0
2024,19,GAS,8.0
2024,19,BEA,7.0
2024,19,OCO,5.0
2024,19,COL,5.0
2024,19,LAW,2.0
2024,19,ZHO,0.0
2024,19,BOT,0.0
2024,19,SAR,0.0
2024,20,VER,362.0
2024,20,NOR,315.0
2024,20,LEC,291.0
2024,20,PIA,251.0
2024,20,SAI,240.0
2024,20,HAM,189.0
2024,20,RUS,177.0
2024,20,PER,150.0
2024,20,ALO,62.0
2024,20,HUL,31.0
2024,20,STR,24.0
2024,20,TSU,22.0
2024,20,MAG,14.0
2024,20,RIC,12.0
2024,20,ALB,12.0
2024,20,GAS,9.0
2024,20,BEA,7.0
2024,20,OCO,5.0
2024,20,COL,5.0
2024,20,LAW,2.0
2024,20,ZHO,0.0
2024,20,BOT,0.0
2024,20,SAR,0.0
2024,21,VER,393.0
2024,21,NOR,331.0
2024,21,LEC,307.0
2024,21,PIA,262.0
2024,21,SAI,244.0
2024,21,RUS,192.0
2024,21,HAM,190.0
2024,21,PER,151.0
2024,21,ALO,62.0
2024,21,HUL,31.0
2024,21,TSU,28.0
2024,21,GAS,26.0
2024,21,STR,24.0
2024,21,OCO,23.0
2024,21,MAG,14.0
2024,21,RIC,12.0
2024,21,ALB,12.0
2024,21,BEA,7.0
2024,21,COL,5.0
2024,21,LAW,4.0
2024,21,ZHO,0.0
2024,21,BOT,0.0
2024,21,SAR,0.0
2024,22,VER,403.0
2024,22,NOR,340.0
2024,22,LEC,319.0
2024,22,PIA,268.0
2024,22,SAI,259.0
2024,22,RUS,217.0
2024,22,HAM,208.0
2024,22,PER,152.0
2024,22,ALO,62.0
2024,22,HUL,35.0
2024,22,TSU,30.0
2024,22,GAS,26.0
2024,22,STR,24.0
2024,22,OCO,23.0
2024,22,MAG,14.0
2024,22,RIC,12.0
2024,22,ALB,12.0
2024,22,BEA,7.0
2024,22,COL,5.0
2024,22,LAW,4.0
2024,22,ZHO,0.0
2024,22,BOT,0.0
2024,22,SAR,0.0
2024,23,VER,429.0
2024,23,NOR,349.0
2024,23,LEC,341.0
2024,23,PIA,291.0
2024,23,SAI,272.0
2024,23,RUS,235.0
2024,23,HAM,211.0
2024,23,PER,152.0
2024,23,ALO,68.0
2024,23,HUL,37.0
2024,23,GAS,36.0
2024,23,TSU,30.0
2024,23,STR,24.0
2024,23,OCO,23.0
2024,23,MAG,16.0
2024,23,RIC,12.0
2024,23,ALB,12.0
2024,23,BEA,7.0
2024,23,COL,5.0
2024,23,ZHO,4.0
2024,23,LAW,4.0
2024,23,BOT,0.0
2024,23,SAR,0.0
2024,24,VER,437.0
2024,24,NOR,374.0
2024,24,LEC,356.0
2024,24,PIA,292.0
2024,24,SAI,290.0
2024,24,RUS,245.0
2024,24,HAM,223.0
2024,24,PER,152.0
2024,24,ALO,70.0
2024,24,GAS,42.0
2024,24,HUL,41.0
2024,24,TSU,30.0
2024,24,STR,24.0
2024,24,OCO,23.0
2024,24,MAG,16.0
2024,24,RIC,12.0
2024,24,ALB,12.0
2024,24,BEA,7.0
2024,24,COL,5.0
2024,24,ZHO,4.0
2024,24,LAW,4.0
2024,24,BOT,0.0
2024,24,SAR,0.0
2024,24,DOO,0.0
2025,1,NOR,25.0
2025,1,VER,18.0
2025,1,RUS,15.0
2025,1,ANT,12.0
2025,1,ALB,10.0
2025,1,STR,8.0
2025,1,HUL,6.0
2025,1,LEC,4.0
2025,1,PIA,2.0
2025,1,HAM,1.0
2025,1,GAS,0.0
2025,1,TSU,0.0
2025,1,OCO,0.0
2025,1,BEA,0.0
2025,1,LAW,0.0
2025,1,BOR,0.0
2025,1,ALO,0.0
2025,1,SAI,0.0
2025,1,DOO,0.0
2025,1,HAD,0.0
2025,2,NOR,44.0
2025,2,VER,36.0
2025,2,RUS,35.0
2025,2,PIA,34.0
2025,2,ANT,22.0
2025,2,ALB,16.0
2025,2,STR,10.0
2025,2,OCO,10.0
2025,2,HAM,9.0
2025,2,LEC,8.0
2025,2,HUL,6.0
2025,2,BEA,4.0
2025,2,TSU,3.0
2025,2,SAI,1.0
2025,2,GAS,0.0
2025,2,LAW,0.0
2025,2,BOR,0.0
2025,2,ALO,0.0
2025,2,DOO,0.0
2025,2,HAD,0.0
2025,3,NOR,62.0
2025,3,VER,61.0
2025,3,PIA,49.0
2025,3,RUS,45.0
2025,3,ANT,30.0
2025,3,LEC,20.0
2025,3,ALB,18.0
2025,3,HAM,15.0
2025,3,STR,10.0
2025,3,OCO,10.0
2025,3,HUL,6.0
2025,3,BEA,5.0
2025,3,HAD,4.0
2025,3,TSU,3.0
2025,3,SAI,1.0
2025,3,GAS,0.0
2025,3,LAW,0.0
2025,3,BOR,0.0
2025,3,ALO,0.0
2025,3,DOO,0.0
2025,4,NOR,77.0
2025,4,PIA,74.0
2025,4,VER,69.0
2025,4,RUS,63.0
2025,4,LEC,32.0
2025,4,ANT,30.0
2025,4,HAM,25.0
2025,4,ALB,18.0
2025,4,OCO,14.0
2025,4,STR,10.0
2025,4,HUL,6.0
2025,4,GAS,6.0
2025,4,BEA,6.0
2025,4,TSU,5.0
2025,4,HAD,4.0
2025,4,SAI,1.0
2025,4,LAW,0.0
2025,4,BOR,0.0
2025,4,ALO,0.0
2025,4,DOO,0.0
2025,5,PIA,99.0
2025,5,NOR,89.0
2025,5,VER,87.0
2025,5,RUS,73.0
2025,5,LEC,47.0
2025,5,ANT,38.0
2025,5,HAM,31.0
2025,5,ALB,20.0
2025,5,OCO,14.0
2025,5,STR,10.0
2025,5,HUL,6.0
2025,5,GAS,6.0
2025,5,BEA,6.0
2025,5,TSU,5.0
2025,5,SAI,5.0
2025,5,HAD,5.0
2025,5,LAW,0.0
2025,5,BOR,0.0
2025,5,ALO,0.0
2025,5,DOO,0.0
2025,6,PIA,131.0
2025,6,NOR,115.0
2025,6,VER,99.0
2025,6,RUS,93.0
2025,6,LEC,53.0
2025,6,ANT,48.0
2025,6,HAM,41.0
2025,6,ALB,30.0
2025,6,STR,14.0
2025,6,OCO,14.0
2025,6,TSU,9.0
2025,6,GAS,7.0
2025,6,SAI,7.0
2025,6,HUL,6.0
2025,6,BEA,6.0
2025,6,HAD,5.0
2025,6,LAW,0.0
2025,6,BOR,0.0
2025,6,ALO,0.0
2025,6,DOO,0.0
2025,7,PIA,146.0
2025,7,NOR,133.0
2025,7,VER,124.0
2025,7,RUS,99.0
2025,7,LEC,61.0
2025,7,HAM,53.0
2025,7,ANT,48.0
2025,7,ALB,40.0
2025,7,STR,14.0
2025,7,OCO,14.0
2025,7,SAI,11.0
2025,7,TSU,10.0
2025,7,GAS,7.0
2025,7,HAD,7.0
2025,7,HUL,6.0
2025,7,BEA,6.0
2025,7,LAW,0.0
2025,7,BOR,0.0
2025,7,ALO,0.0
2025,7,DOO,0.0
2025,7,COL,0.0
2025,8,PIA,161.0
2025,8,NOR,158.0
2025,8,VER,136.0
2025,8,RUS,99.0
2025,8,LEC,79.0
2025,8,HAM,63.0
2025,8,ANT,48.0
2025,8,ALB,42.0
2025,8,OCO,20.0
2025,8,HAD,15.0
2025,8,STR,14.0
2025,8,SAI,12.0
2025,8,TSU,10.0
2025,8,GAS,7.0
2025,8,HUL,6.0
2025,8,BEA,6.0
2025,8,LAW,4.0
2025,8,BOR,0.0
2025,8,ALO,0.0
2025,8,DOO,0.0
2025,8,COL,0.0
2025,9,PIA,186.0
2025,9,NOR,176.0
2025,9,VER,137.0
2025,9,RUS,111.0
2025,9,LEC,94.0
2025,9,HAM,71.0
2025,9,ANT,48.0
2025,9,ALB,42.0
2025,9,HAD,21.0
2025,9,OCO,20.0
2025,9,HUL,16.0
2025,9,STR,14.0
2025,9,SAI,12.0
2025,9,GAS,11.0
2025,9,TSU,10.0
2025,9,BEA,6.0
2025,9,LAW,4.0
2025,9,ALO,2.0
2025,9,BOR,0.0
2025,9,DOO,0.0
2025,9,COL,0.0
2025,10,PIA,198.0
2025,10,NOR,176.0
2025,10,VER,155.0
2025,10,RUS,136.0
2025,10,LEC,104.0
2025,10,HAM,79.0
2025,10,ANT,63.0
2025,10,ALB,42.0
2025,10,OCO,22.0
2025,10,HAD,21.0
2025,10,HUL,20.0
2025,10,STR,14.0
2025,10,SAI,13.0
2025,10,GAS,11.0
2025,10,TSU,10.0
2025,10,ALO,8.0
2025,10,BEA,6.0
2025,10,LAW,4.0
2025,10,BOR,0.0
2025,10,DOO,0.0
2025,10,COL,0.0
2025,11,PIA,216.0
2025,11,NOR,201.0
2025,11,VER,155.0
2025,11,RUS,146.0
2025,11,LEC,119.0
2025,11,HAM,91.0
2025,11,ANT,63.0
2025,11,ALB,42.0
2025,11,OCO,23.0
2025,11,HUL,22.0
2025,11,HAD,21.0
2025,11,STR,14.0
2025,11,ALO,14.0
2025,11,SAI,13.0
2025,11,LAW,12.0
2025,11,GAS,11.0
2025,11,TSU,10.0
2025,11,BEA,6.0
2025,11,BOR,4.0
2025,11,DOO,0.0
2025,11,COL,0.0
2025,12,PIA,234.0
2025,12,NOR,226.0
2025,12,VER,165.0
2025,12,RUS,147.0
2025,12,LEC,119.0
2025,12,HAM,103.0
2025,12,ANT,63.0
2025,12,ALB,46.0
2025,12,HUL,37.0
2025,12,OCO,23.0
2025,12,HAD,21.0
2025,12,STR,20.0
2025,12,GAS,19.0
2025,12,ALO,16.0
2025,12,SAI,13.0
2025,12,LAW,12.0
2025,12,TSU,10.0
2025,12,BEA,6.0
2025,12,BOR,4.0
2025,12,DOO,0.0
2025,12,COL,0.0
2025,13,PIA,266.0
2025,13,NOR,250.0
2025,13,VER,185.0
2025,13,RUS,157.0
2025,13,LEC,139.0
2025,13,HAM,109.0
2025,13,ANT,63.0
2025,13,ALB,54.0
2025,13,HUL,37.0
2025,13,OCO,27.0
2025,13,HAD,22.0
2025,13,STR,20.0
2025,13,GAS,20.0
2025,13,LAW,16.0
2025,13,ALO,16.0
2025,13,SAI,16.0
2025,13,TSU,10.0
2025,13,BEA,8.0
2025,13,BOR,6.0
2025,13,DOO,0.0
2025,13,COL,0.0
2025,14,PIA,284.0
2025,14,NOR,275.0
2025,14,VER,187.0
2025,14,RUS,172.0
2025,14,LEC,151.0
2025,14,HAM,109.0
2025,14,ANT,64.0
2025,14,ALB,54.0
2025,14,HUL,37.0
2025,14,OCO,27.0
2025,14,STR,26.0
2025,14,ALO,26.0
2025,14,HAD,22.0
2025,14,GAS,20.0
2025,14,LAW,20.0
2025,14,SAI,16.0
2025,14,BOR,14.0
2025,14,TSU,10.0
2025,14,BEA,8.0
2025,14,DOO,0.0
2025,14,COL,0.0
2025,15,PIA,309.0
2025,15,NOR,275.0
2025,15,VER,205.0
2025,15,RUS,184.0
2025,15,LEC,151.0
2025,15,HAM,109.0
2025,15,ANT,64.0
2025,15,ALB,64.0
2025,15,HUL,37.0
2025,15,HAD,37.0
2025,15,STR,32.0
2025,15,ALO,30.0
2025,15,OCO,28.0
2025,15,GAS,20.0
2025,15,LAW,20.0
2025,15,BEA,16.0
2025,15,SAI,16.0
2025,15,BOR,14.0
2025,15,TSU,12.0
2025,15,DOO,0.0
2025,15,COL,0.0
2025,16,PIA,324.0
2025,16,NOR,293.0
2025,16,VER,230.0
2025,16,RUS,194.0
2025,16,LEC,163.0
2025,16,HAM,117.0
2025,16,ALB,70.0
2025,16,ANT,66.0
2025,16,HAD,38.0
2025,16,HUL,37.0
2025,16,STR,32.0
2025,16,ALO,30.0
2025,16,OCO,28.0
2025,16,GAS,20.0
2025,16,LAW,20.0
2025,16,BOR,18.0
2025,16,BEA,16.0
2025,16,SAI,16.0
2025,16,TSU,12.0
2025,16,DOO,0.0
2025,16,COL,0.0
2025,17,PIA,324.0
2025,17,NOR,299.0
2025,17,VER,255.0
2025,17,RUS,212.0
2025,17,LEC,165.0
2025,17,HAM,121.0
2025,17,ANT,78.0
2025,17,ALB,70.0
2025,17,HAD,39.0
2025,17,HUL,37.0
2025,17,STR,32.0
2025,17,SAI,31.0
2025,17,LAW,30.0
2025,17,ALO,30.0
2025,17,OCO,28.0
2025,17,GAS,20.0
2025,17,TSU,20.0
2025,17,BOR,18.0
2025,17,BEA,16.0
2025,17,DOO,0.0
2025,17,COL,0.0
2025,18,PIA,336.0
2025,18,NOR,314.0
2025,18,VER,273.0
2025,18,RUS,237.0
2025,18,LEC,173.0
2025,18,HAM,125.0
2025,18,ANT,88.0
2025,18,ALB,70.0
2025,18,HAD,39.0
2025,18,HUL,37.0
2025,18,ALO,36.0
2025,18,STR,32.0
2025,18,SAI,32.0
2025,18,LAW,30.0
2025,18,OCO,28.0
2025,18,GAS,20.0
2025,18,TSU,20.0
2025,18,BEA,18.0
2025,18,BOR,18.0
2025,18,DOO,0.0
2025,18,COL,0.0
2025,19,PIA,346.0
2025,19,NOR,332.0
2025,19,VER,306.0
2025,19,RUS,252.0
2025,19,LEC,192.0
2025,19,HAM,142.0
2025,19,ANT,89.0
2025,19,ALB,73.0
2025,19,HUL,41.0
2025,19,HAD,39.0
2025,19,SAI,38.0
2025,19,ALO,37.0
2025,19,STR,32.0
2025,19,LAW,30.0
2025,19,TSU,28.0
2025,19,OCO,28.0
2025,19,GAS,20.0
2025,19,BEA,20.0
2025,19,BOR,18.0
2025,19,DOO,0.0
2025,19,COL,0.0
2025,20,NOR,357.0
2025,20,PIA,356.0
2025,20,VER,321.0
2025,20,RUS,258.0
2025,20,LEC,210.0
2025,20,HAM,146.0
2025,20,ANT,97.0
2025,20,ALB,73.0
2025,20,HUL,41.0
2025,20,HAD,39.0
2025,20,SAI,38.0
2025,20,ALO,37.0
2025,20,STR,32.0
2025,20,BEA,32.0
2025,20,OCO,30.0
2025,20,LAW,30.0
2025,20,TSU,28.0
2025,20,GAS,20.0
2025,20,BOR,19.0
2025,20,DOO,0.0
2025,20,COL,0.0
2025,21,NOR,390.0
2025,21,PIA,366.0
2025,21,VER,341.0
2025,21,RUS,276.0
2025,21,LEC,214.0
2025,21,HAM,148.0
2025,21,ANT,122.0
2025,21,ALB,73.0
2025,21,HUL,43.0
2025,21,HAD,43.0
2025,21,BEA,40.0
2025,21,ALO,40.0
2025,21,SAI,38.0
2025,21,LAW,36.0
2025,21,STR,32.0
2025,21,OCO,30.0
2025,21,TSU,28.0
2025,21,GAS,22.0
2025,21,BOR,19.0
2025,21,DOO,0.0
2025,21,COL,0.0
2025,22,NOR,390.0
2025,22,PIA,366.0
2025,22,VER,341.0
2025,22,RUS,276.0
2025,22,LEC,214.0
2025,22,HAM,148.0
2025,22,ANT,122.0
2025,22,ALB,73.0
2025,22,HUL,43.0
2025,22,HAD,43.0
2025,22,BEA,40.0
2025,22,ALO,40.0
2025,22,SAI,38.0
2025,22,LAW,36.0
2025,22,STR,32.0
2025,22,OCO,30.0
2025,22,TSU,28.0
2025,22,GAS,22.0
2025,22,BOR,19.0
2025,22,DOO,0.0
2025,22,COL,0.0
2025,23,NOR,390.0
2025,23,PIA,366.0
2025,23,VER,341.0
2025,23,RUS,276.0
2025,23,LEC,214.0
2025,23,HAM,148.0
2025,23,ANT,122.0
2025,23,ALB,73.0
2025,23,HUL,43.0
2025,23,HAD,43.0
2025,23,BEA,40.0
2025,23,ALO,40.0
2025,23,SAI,38.0
2025,23,LAW,36.0
2025,23,STR,32.0
2025,23,OCO,30.0
2025,23,TSU,28.0
2025,23,GAS,22.0
2025,23,BOR,19.0
2025,23,DOO,0.0
2025,23,COL,0.0
2025,24,NOR,390.0
2025,24,PIA,366.0
2025,24,VER,341.0
2025,24,RUS,276.0
2025,24,LEC,214.0
2025,24,HAM,148.0
2025,24,ANT,122.0
2025,24,ALB,73.0
2025,24,HUL,43.0
2025,24,HAD,43.0
2025,24,BEA,40.0
2025,24,ALO,40.0
2025,24,SAI,38.0
2025,24,LAW,36.0
2025,24,STR,32.0
2025,24,OCO,30.0
2025,24,TSU,28.0
2025,24,GAS,22.0
2025,24,BOR,19.0
2025,24,DOO,0.0
2025,24,COL,0.0
