GrandPrix,Strategy,AvgOverperformance,AvgFinishPosition,Count
Australian Grand Prix 2018,C4-C2,-2.1780513872715184,6.375,8
Australian Grand Prix 2018,C3-C2,-1.5304976847252068,5.0,2
Australian Grand Prix 2018,C4-C3,-0.9707744297382357,8.5,2
Australian Grand Prix 2018,C3-C2-C4,-3.561891138814929,13.5,2
Australian Grand Prix 2018,C2-C4,-3.8220584318294026,15.0,1
Bahrain Grand Prix 2018,C3-C2,-0.42123971939156146,1.0,1
Bahrain Grand Prix 2018,C3-C1,-0.2613878596494339,2.0,1
Bahrain Grand Prix 2018,C2-C1,2.760293399092887,6.0,2
Bahrain Grand Prix 2018,C3-C2-C3,-2.905012231202319,9.0,3
Bahrain Grand Prix 2018,C3-C3-C2,-2.1196484999423717,8.0,2
Bahrain Grand Prix 2018,C2-C1-C3,-1.67134567131604,12.5,4
Bahrain Grand Prix 2018,C3-C2-C1,0.09993559848762068,8.0,1
Bahrain Grand Prix 2018,C3-C1-C2,-2.881992667785303,10.0,1
Bahrain Grand Prix 2018,C3-C2-C3-C3,-1.259214442384998,13.0,1
Bahrain Grand Prix 2018,C2-C3-C1,0.05217467031515355,14.0,1
Chinese Grand Prix 2018,C4-C2,-2.156549138569824,6.6,5
Chinese Grand Prix 2018,C2-C1,-3.0848394417656815,9.6,10
Chinese Grand Prix 2018,C2-C4,-4.0169066009816135,11.0,1
Chinese Grand Prix 2018,C2-C2,-3.259214442384998,15.0,1
Chinese Grand Prix 2018,C4-C4,-9.290138359965379,17.0,1
Chinese Grand Prix 2018,C1-C4,-8.172444475505525,18.0,1
Azerbaijan Grand Prix 2018,C3-C2-C4,0.11515689614113156,4.75,4
Azerbaijan Grand Prix 2018,C2-C4,-0.9729632863773227,7.333333333333333,3
Azerbaijan Grand Prix 2018,C4-C2-C3,3.569494779761092,3.0,1
Azerbaijan Grand Prix 2018,C4-C2-C4,-0.9749798026136394,8.5,2
Azerbaijan Grand Prix 2018,C3-C2-C4-C4,0.25576441515745785,9.0,1
Azerbaijan Grand Prix 2018,C4-C3-C4,2.910768360691524,10.0,1
Azerbaijan Grand Prix 2018,C2-C4-C4-C4,-0.5618736858520581,11.0,1
Spanish Grand Prix 2018,C2-C1,-1.1388344488616744,5.625,8
Spanish Grand Prix 2018,C2-C1-C1,-2.2650908539598262,4.0,1
Spanish Grand Prix 2018,C3-C1,-3.3738411468941747,8.0,1
Spanish Grand Prix 2018,C2-C1-C2,-0.32574825645062866,9.0,1
Spanish Grand Prix 2018,C1-C1,-0.36708059151182404,12.0,1
Spanish Grand Prix 2018,C1-C2,-3.136497144393232,13.0,1
Spanish Grand Prix 2018,C1-C1-C3,-1.0850467950155398,14.0,1
Monaco Grand Prix 2018,C5-C4,-1.9171394101270072,4.0,5
Monaco Grand Prix 2018,C5-C3,-3.1379631710837677,7.5,4
Monaco Grand Prix 2018,C4-C5,0.4608019384807047,8.5,2
Monaco Grand Prix 2018,C4-C3,-1.859580074611455,12.0,2
Monaco Grand Prix 2018,C4-C3-C5,-4.860071546695956,14.5,2
Monaco Grand Prix 2018,C5-C5-C4-C3,-6.550749293233286,16.0,1
Monaco Grand Prix 2018,C4-C3-C5-C5,-7.145790973409358,17.0,1
Canadian Grand Prix 2018,C4-C3,-2.096872377479448,7.0,7
Canadian Grand Prix 2018,C5-C3,-2.274329117379244,7.0,6
Canadian Grand Prix 2018,C5-C3-C3,-8.21343772158411,14.0,1
Canadian Grand Prix 2018,C3,-3.961615589847323,15.0,1
Canadian Grand Prix 2018,C3-C5,-7.317075454845732,16.0,1
Canadian Grand Prix 2018,C3-C4,-4.660138535322817,17.0,1
French Grand Prix 2018,C3-C2,-0.40510473958202337,2.3333333333333335,3
French Grand Prix 2018,C4-C3,-2.623785894224964,9.5,4
French Grand Prix 2018,C2-C4,-2.6630235324730784,7.0,2
French Grand Prix 2018,C4-C2,-2.369482730240911,7.0,2
French Grand Prix 2018,C2-C3,-5.842543664448103,7.0,1
French Grand Prix 2018,C3-C4,-3.2113028921990674,12.5,2
French Grand Prix 2018,C4,-2.658770921933904,15.0,1
Austrian Grand Prix 2018,C3-C2,0.13728048057169598,7.0,6
Austrian Grand Prix 2018,C4-C2,0.16385019420951208,3.5,4
Austrian Grand Prix 2018,C2-C3,1.6346418393706532,10.0,1
Austrian Grand Prix 2018,C4-C2-C3,-6.327179585003213,13.0,2
Austrian Grand Prix 2018,C3-C2-C4,-1.235257290707228,13.0,1
British Grand Prix 2018,C2-C1-C2,-1.7470348098287343,7.285714285714286,7
British Grand Prix 2018,C2-C1,-2.184774996902346,7.2,5
British Grand Prix 2018,C1-C0,0.3622350113009647,6.0,1
British Grand Prix 2018,C1-C2,-0.9659944727150354,12.0,1
German Grand Prix 2018,C2-C4,2.834523560203223,5.0,2
German Grand Prix 2018,C4-C2-C4,-1.053419241531413,2.5,2
German Grand Prix 2018,C4-C2-I-C4,-5.733692183418228,9.5,2
German Grand Prix 2018,C4-C1-I-C4,-4.734951037487269,8.5,4
German Grand Prix 2018,C4-C2,-0.26790854227008687,7.5,2
German Grand Prix 2018,C2-C1-C4,-0.9970283975632599,11.5,2
German Grand Prix 2018,C2-W-C4,-4.740821175530382,14.0,1
Hungarian Grand Prix 2018,C4-C2,-2.6328169281228564,7.166666666666667,6
Hungarian Grand Prix 2018,C2-C4,0.21963161459649738,6.333333333333333,3
Hungarian Grand Prix 2018,C4-C2-C2,-1.2646329872449726,3.0,1
Hungarian Grand Prix 2018,C2-C1,-3.4124004448321372,11.0,3
Hungarian Grand Prix 2018,C4-C1,-6.5693283011875785,13.0,2
Hungarian Grand Prix 2018,C2-C1-C4,-4.483134994098622,12.0,1
Hungarian Grand Prix 2018,C1-C4,-8.265508539844117,17.0,1
Belgian Grand Prix 2018,C3-C2,-1.7272814426671037,4.333333333333333,6
Belgian Grand Prix 2018,C2-C3-C2,6.981047916662634,4.0,1
Belgian Grand Prix 2018,C3-C3,-3.4459931694309147,7.5,2
Belgian Grand Prix 2018,C2-C3,-3.4706647457011788,12.25,4
Belgian Grand Prix 2018,C1-C3,-2.901622247794796,11.0,1
Belgian Grand Prix 2018,C2-C1-C3,-4.568922195225236,15.0,1
Italian Grand Prix 2018,C3-C2,-2.081077332441567,7.0,11
Italian Grand Prix 2018,C2-C3,-2.196538736106875,9.333333333333334,3
Italian Grand Prix 2018,C3-C3,-4.553974299686276,15.0,1
Italian Grand Prix 2018,C2-C1,-9.637607647341582,16.0,1
Singapore Grand Prix 2018,C5-C2,-3.0849359835374255,5.4,5
Singapore Grand Prix 2018,C5-C4,-3.082714986418283,8.0,4
Singapore Grand Prix 2018,C4-C2,-1.0856910038304066,9.0,3
Singapore Grand Prix 2018,C4-C5,-2.1626400636100143,10.0,2
Singapore Grand Prix 2018,C2-C4,-2.3879641641174683,14.0,1
Singapore Grand Prix 2018,C5-C4-C2-C2,-11.948344323856173,16.0,1
Singapore Grand Prix 2018,C5-C4-C5,-7.047693231977174,17.0,1
Singapore Grand Prix 2018,C4-C2-C5,-8.260339853319218,18.5,2
Russian Grand Prix 2018,C4-C2,-4.1666556271120925,9.125,8
Russian Grand Prix 2018,C2-C4,-1.3273497404022452,10.0,4
Russian Grand Prix 2018,C5-C2,-4.943779927376111,9.0,5
Russian Grand Prix 2018,C5-C2-C4,-7.170440812583107,13.0,1
Japanese Grand Prix 2018,C2-C1,-1.5165528146610068,8.25,8
Japanese Grand Prix 2018,C3-C2,-4.151982944629076,8.0,5
Japanese Grand Prix 2018,C3-C1,-2.6614592769732504,7.0,2
Japanese Grand Prix 2018,C2-C1-C3,-7.372552419111374,16.5,2
United States Grand Prix 2018,C4-C2,-1.3348983148317248,5.0,3
United States Grand Prix 2018,C2-C3,3.8528610549277866,6.0,2
United States Grand Prix 2018,C3-C2-C2,-1.7778820047755666,7.0,2
United States Grand Prix 2018,C3-C2,-0.5742303299145037,6.25,4
United States Grand Prix 2018,C3-C2-C4,-3.135890593144042,13.0,2
United States Grand Prix 2018,C3-C2-C3,-4.616277471772891,13.0,1
Mexican Grand Prix 2018,C4-C3-C3,0.1578135401304921,1.0,1
Mexican Grand Prix 2018,C4-C3-C4,-0.97621111687756,3.0,2
Mexican Grand Prix 2018,C4-C3,-0.17716672707311654,8.0,3
Mexican Grand Prix 2018,C4-C3-C4-C5,-2.1089832264065724,5.0,1
Mexican Grand Prix 2018,C5-C3,-2.299107003218029,7.333333333333333,3
Mexican Grand Prix 2018,C5-C3-C3,1.5724352925503773,10.0,1
Mexican Grand Prix 2018,C3-C3-C4,-4.635657383936309,11.0,1
Mexican Grand Prix 2018,C4-C4-C3,-2.106211530275102,12.0,1
Mexican Grand Prix 2018,C3-C4-C3,-5.823856642160109,14.0,1
Mexican Grand Prix 2018,C3-C4,-5.746702077287198,15.0,1
Mexican Grand Prix 2018,C3-C4-C5,-5.586397670682082,16.0,1
Brazilian Grand Prix 2018,C3-C1,-3.6268310407267315,7.25,4
Brazilian Grand Prix 2018,C3-C2,0.06398179132242292,5.333333333333333,3
Brazilian Grand Prix 2018,C2-C1,-3.5617044836038065,11.0,3
Brazilian Grand Prix 2018,C3-C1-C2,-3.2646604452498265,5.0,1
Brazilian Grand Prix 2018,C2-C1-C3,-5.570094438000609,13.25,4
Brazilian Grand Prix 2018,C2-C3,-3.2133571125842417,9.0,1
Brazilian Grand Prix 2018,C1-C3,-1.663679581693705,11.0,1
Brazilian Grand Prix 2018,C2-C3-C3,-4.590282350368801,15.0,1
Abu Dhabi Grand Prix 2018,C4-C3,-0.9017831425225573,6.285714285714286,7
Abu Dhabi Grand Prix 2018,C5-C3,-2.278914974433299,6.333333333333333,3
Abu Dhabi Grand Prix 2018,C4-C3-C4,-3.8424957157657715,5.0,1
Abu Dhabi Grand Prix 2018,C3-C4,-2.773405022811853,13.0,4
Australian Grand Prix 2019,C4-C3,-1.9301693602323655,5.428571428571429,7
Australian Grand Prix 2019,C4-C2,-3.848715609304005,9.25,4
Australian Grand Prix 2019,C3-C2,0.457323137106437,9.5,2
Australian Grand Prix 2019,C3-C4,-3.0699259758474042,13.0,2
Australian Grand Prix 2019,C3-C4-C2,-3.0741851603134887,16.0,1
Australian Grand Prix 2019,C2-C3-C4-C4,-3.4963378821384516,17.0,1
Bahrain Grand Prix 2019,C3-C3-C2,0.682472141740682,6.0,3
Bahrain Grand Prix 2019,C3-C2-C3,-2.170507548452505,8.5,6
Bahrain Grand Prix 2019,C3-C2-C2,-1.7236285201907848,9.2,5
Bahrain Grand Prix 2019,C3-C2-C2-C3,-3.84244154508324,5.0,1
Bahrain Grand Prix 2019,C2-C3-C2,-1.9478253296848465,16.0,1
Chinese Grand Prix 2019,C3-C2-C3,-1.264951252119586,3.0,5
Chinese Grand Prix 2019,C4-C2-C3-C4,-2.5229487810766917,6.0,1
Chinese Grand Prix 2019,C4-C2,-5.500038949425073,8.5,2
Chinese Grand Prix 2019,C3-C2,-2.203589222196013,11.333333333333334,3
Chinese Grand Prix 2019,C4-C2-C3,-5.541504561416315,12.0,2
Chinese Grand Prix 2019,C3-C2-C4,-3.463808579106495,14.0,3
Chinese Grand Prix 2019,C4-C3-C3,-2.089512856390037,15.0,1
Azerbaijan Grand Prix 2019,C4-C3,-2.3495834012592463,6.5,10
Azerbaijan Grand Prix 2019,C3-C4-C4,-0.3753824797369356,5.0,1
Azerbaijan Grand Prix 2019,C4-C3-C4,-5.107845350953459,11.666666666666666,3
Azerbaijan Grand Prix 2019,C3-C3-C4,-3.259214442384998,15.0,1
Azerbaijan Grand Prix 2019,C3-C3-C3-C4,-13.504770893185608,16.0,1
Spanish Grand Prix 2019,C3-C2-C3,-2.507814292922938,7.0,7
Spanish Grand Prix 2019,C3-C3-C2,-0.6867452590272181,3.0,1
Spanish Grand Prix 2019,C3-C2-C2,-3.532324759209781,8.0,3
Spanish Grand Prix 2019,C3-C1-C2,-3.2911096400738606,8.5,2
Spanish Grand Prix 2019,C2-C3,-12.98533984352826,13.0,1
Spanish Grand Prix 2019,C2-C1-C3,-5.902484028534698,14.0,1
Spanish Grand Prix 2019,C3-C1-C3,-3.666754784604997,16.0,1
Spanish Grand Prix 2019,C2-C3-C2,-4.603519886034921,17.5,2
Monaco Grand Prix 2019,C5-C4,-4.543483462409071,10.11111111111111,9
Monaco Grand Prix 2019,C5-C3,-0.9757715661238031,3.0,2
Monaco Grand Prix 2019,C5-C4-C3,-1.8432565621987242,3.0,1
Monaco Grand Prix 2019,C5-C4-C5,-0.37231232347112453,5.0,1
Monaco Grand Prix 2019,C4-C5,-4.05654217300407,11.0,1
Monaco Grand Prix 2019,C4-C3,-4.199076248872204,14.8,5
Canadian Grand Prix 2019,C4-C3,-2.7159151603216807,8.285714285714286,7
Canadian Grand Prix 2019,C4-C3-C5,-3.137399915063849,9.5,2
Canadian Grand Prix 2019,C3-C4,-5.016573509173364,11.0,4
Canadian Grand Prix 2019,C5-C3,-4.087089978668317,8.0,4
Canadian Grand Prix 2019,C4-C3-C3,-4.5256726078598835,18.0,1
French Grand Prix 2019,C3-C2,-4.104450823934716,8.909090909090908,11
French Grand Prix 2019,C3-C2-C4,-0.9534889798459281,5.0,1
French Grand Prix 2019,C2-C3,-1.6713200382842335,10.5,4
French Grand Prix 2019,C4-C2,-4.795309741126645,10.0,1
French Grand Prix 2019,C4-C2-C3,-8.288240198455409,16.0,1
French Grand Prix 2019,C3-C2-C3,-4.9478253296848465,19.0,1
Austrian Grand Prix 2019,C3-C2,-4.962519698563564,11.75,12
Austrian Grand Prix 2019,C4-C2,-3.3344429846657144,7.0,4
Austrian Grand Prix 2019,C4-C2-C4,1.2022438585503057,4.0,1
Austrian Grand Prix 2019,C4-C3,-3.0986685355721404,6.0,1
Austrian Grand Prix 2019,C3-C4,-5.054820474879194,12.0,1
Austrian Grand Prix 2019,C4-C2-C2-C4,-13.207749039477456,19.0,1
British Grand Prix 2019,C2-C1,-0.32662375596103826,8.0,6
British Grand Prix 2019,C2-C2-C3,-1.420966721794664,2.0,1
British Grand Prix 2019,C3-C2-C1,-2.4330136509913114,7.5,4
British Grand Prix 2019,C2-C2-C1,-2.6869324030867596,5.0,1
British Grand Prix 2019,C3-C1,-4.209145716321695,10.0,1
British Grand Prix 2019,C3-C2,-6.771896630938059,12.0,1
British Grand Prix 2019,C2-C1-C3,-2.567559418518959,13.0,1
British Grand Prix 2019,C3-C1-C2,-12.531282051760602,16.0,1
British Grand Prix 2019,C2-C1-C3-C3,-8.316355813075056,17.0,1
German Grand Prix 2019,W-I-C3-I,-2.6768066279175153,7.5,4
German Grand Prix 2019,W-I-C4-I,0.8393245150776304,5.833333333333333,6
German Grand Prix 2019,W-I-I-C4,-0.9490627039999024,5.0,1
German Grand Prix 2019,W-I-I-I,2.1075564748775593,10.5,2
Hungarian Grand Prix 2019,C3-C2-C3,-3.054181651481243,4.5,2
Hungarian Grand Prix 2019,C3-C2-C4,-4.0027918303482135,9.5,2
Hungarian Grand Prix 2019,C3-C4,-3.544911908934395,9.333333333333334,3
Hungarian Grand Prix 2019,C3-C2,-4.697901498119523,12.375,8
Hungarian Grand Prix 2019,C4-C2,-2.6582506545793314,7.0,2
Hungarian Grand Prix 2019,C4-C3,-1.2106910962740356,7.0,1
Hungarian Grand Prix 2019,C2-C4,-2.431862129614581,14.0,1
Belgian Grand Prix 2019,C3-C2,-2.8458344926813317,6.571428571428571,7
Belgian Grand Prix 2019,C3-C2-C3,-1.5442126832603746,7.333333333333333,3
Belgian Grand Prix 2019,C2-C3,-3.2061841268967544,11.0,4
Belgian Grand Prix 2019,C3-C3,-8.209322608166149,14.0,1
Belgian Grand Prix 2019,C3-C2-C2-C3,-12.523362449900175,16.0,1
Italian Grand Prix 2019,C4-C2,-0.4203305345797218,1.0,1
Italian Grand Prix 2019,C4-C3,-1.449326327245096,5.2,5
Italian Grand Prix 2019,C4-C3-C4,-5.148761548549594,9.5,2
Italian Grand Prix 2019,C3-C4,1.12182496138088,9.0,2
Italian Grand Prix 2019,C3-C4-C3,-2.532228198547201,12.5,2
Italian Grand Prix 2019,C3-C2,-2.3290153256581343,12.0,2
Italian Grand Prix 2019,C4-C4-C3,-6.784426998582639,12.0,1
Italian Grand Prix 2019,C4-C2-C2-C3,-10.686902008143615,13.0,1
Italian Grand Prix 2019,C3-C3-C4,-14.989653264114175,15.0,1
Singapore Grand Prix 2019,C5-C3,-1.519556190267061,4.0,7
Singapore Grand Prix 2019,C3-C4,-1.6379847431424528,8.0,1
Singapore Grand Prix 2019,C5-C3-C4,-6.158399543308077,10.5,2
Singapore Grand Prix 2019,C4-C3-C5,-5.411004746600533,13.25,4
Singapore Grand Prix 2019,C4-C3-C5-C5,-3.738610356088678,13.0,1
Singapore Grand Prix 2019,C4-C3,-2.433924656923704,14.0,1
Singapore Grand Prix 2019,C4-C3-C4,-4.7144700699777715,16.0,1
Russian Grand Prix 2019,C3-C4,-2.4330208512199727,6.6,5
Russian Grand Prix 2019,C4-C3-C4,-4.471705596390832,6.5,2
Russian Grand Prix 2019,C4-C3,-1.5894526798742075,6.8,5
Russian Grand Prix 2019,C2-C4-C4,-1.010630870386814,12.0,1
Russian Grand Prix 2019,C3-C3-C4,-4.320584871283232,13.0,1
Russian Grand Prix 2019,C4-C2-C3,-7.993653227148631,15.0,1
Japanese Grand Prix 2019,C3-C2-C3,0.3387978346977801,4.0,4
Japanese Grand Prix 2019,C3-C3-C2,-1.4203411378024091,2.0,1
Japanese Grand Prix 2019,C3-C2,-1.6724859145594553,7.75,4
Japanese Grand Prix 2019,C3-C2-C3-C3,-4.84264911050164,6.0,1
Japanese Grand Prix 2019,C3-C2-C1,-6.367544295332817,11.0,1
Japanese Grand Prix 2019,C2-C1-C3,-5.348247749422659,13.666666666666666,3
Japanese Grand Prix 2019,C3-C1,-7.180468914810344,13.0,1
Japanese Grand Prix 2019,C2-C1,-3.59056120416183,16.0,1
Japanese Grand Prix 2019,C2-C1-C2,-16.655830468025602,17.0,1
Mexican Grand Prix 2019,C3-C2,-2.7020931005774402,9.363636363636363,11
Mexican Grand Prix 2019,C3-C3-C2,-2.7629071891598675,4.5,2
Mexican Grand Prix 2019,C2-C3,-0.47697319670415617,8.0,1
Mexican Grand Prix 2019,C4-C2-C3,-5.984580126240279,11.0,3
Mexican Grand Prix 2019,C3-C2-C3,-6.080499779953557,18.0,1
United States Grand Prix 2019,C3-C2-C3,-0.8426886937213908,2.0,2
United States Grand Prix 2019,C3-C2,-5.1287423028035,9.0,3
United States Grand Prix 2019,C3-C2-C4,-3.957452143589184,12.0,4
United States Grand Prix 2019,C4-C3-C3-C4,-1.5279344279710871,5.0,1
United States Grand Prix 2019,C4-C2,-2.3692390589904844,7.0,2
United States Grand Prix 2019,C4-C2-C3,-2.3664308283924527,7.0,1
United States Grand Prix 2019,C2-C3-C4,-3.554324841837551,10.5,2
United States Grand Prix 2019,C4-C2-C4,-1.1625623227463553,11.0,1
Brazilian Grand Prix 2019,C3-C3-C2-C3,-2.8428209235474897,4.0,2
Brazilian Grand Prix 2019,C3-C2-C3,-3.1394999842678866,8.285714285714286,7
Brazilian Grand Prix 2019,C3-C2,8.562404820593915,3.0,1
Brazilian Grand Prix 2019,C2-C3-C3,-0.1882470135926706,8.0,2
Brazilian Grand Prix 2019,C3-C1-C2,-2.2117376183452464,8.0,1
Brazilian Grand Prix 2019,C2-C2-C3-C3,0.4217171483959916,12.0,1
Brazilian Grand Prix 2019,C2-C1-C3-C3,-7.4768335256524106,15.0,1
Brazilian Grand Prix 2019,C2-C2-C1-C3,-4.622503790056852,16.0,1
Abu Dhabi Grand Prix 2019,C4-C3,-2.7771940968186692,8.88888888888889,9
Abu Dhabi Grand Prix 2019,C4-C3-C5,-1.2646732029029875,3.0,1
Abu Dhabi Grand Prix 2019,C5-C3-C4,-4.928113359794703,10.333333333333334,3
Abu Dhabi Grand Prix 2019,C5-C3,-4.523569406596515,8.0,1
Abu Dhabi Grand Prix 2019,C3-C4,-4.551672195038377,15.0,3
Abu Dhabi Grand Prix 2019,C5-C3-C5,-6.94670735304471,11.0,1
Abu Dhabi Grand Prix 2019,C5-C4,-6.7877577834003455,12.0,1
Austrian Grand Prix 2020,C4-C2-C2,-0.76518586077217,2.5,2
Austrian Grand Prix 2020,C4-C2-C3-C3,0.13903503152113905,3.3333333333333335,3
Austrian Grand Prix 2020,C4-C3-C3,-2.523531811520964,6.0,1
Austrian Grand Prix 2020,C3-C2-C2,0.9806205128606016,7.5,2
Austrian Grand Prix 2020,C3-C2-C4-C4,0.12511758281716792,10.0,3
Styrian Grand Prix 2020,C4-C3,-1.1935943196290952,7.333333333333333,9
Styrian Grand Prix 2020,C4-C3-C4,-3.306694478825581,6.0,2
Styrian Grand Prix 2020,C3-C4,-2.0947327026201172,12.5,4
Styrian Grand Prix 2020,C3-C2,-0.5567841594663996,10.0,1
Styrian Grand Prix 2020,C4-C2-C4,-10.950917257255906,15.0,1
Hungarian Grand Prix 2020,I-C3-C3-C4,-0.42096869441083273,1.0,1
Hungarian Grand Prix 2020,I-C3-C2,-2.8465423839311246,8.875,8
Hungarian Grand Prix 2020,I-C3-C3-C2,-2.0513995276915526,3.5,2
Hungarian Grand Prix 2020,I-C3-C3,-1.632667753054232,8.0,1
Hungarian Grand Prix 2020,C3-C2,-10.504770893185608,13.0,2
Hungarian Grand Prix 2020,I-C4-C2,-4.833659158180085,11.5,2
Hungarian Grand Prix 2020,I-C4-C3-C2,-5.996196475992946,17.0,1
Hungarian Grand Prix 2020,I-C4-C3-C3,-8.203832637822593,18.5,2
British Grand Prix 2020,C2-C1,-2.105431669830099,9.625,8
British Grand Prix 2020,C2-C1-C3,-5.307799193538698,10.0,3
British Grand Prix 2020,C3-C1,-1.618702764278137,6.25,4
British Grand Prix 2020,C2-C1-C2,-1.0628960756800314,8.0,1
British Grand Prix 2020,C3-C1-C2,-8.950803147145198,13.0,1
70th Anniversary Grand Prix 2020,C2-C3-C2,-2.3735469286880924,7.0,2
70th Anniversary Grand Prix 2020,C3-C2-C2,-3.184349594431718,7.428571428571429,7
70th Anniversary Grand Prix 2020,C3-C2,0.3613101085026327,6.0,2
70th Anniversary Grand Prix 2020,C3-C2-C2-C4,-3.335659434948385,7.0,1
70th Anniversary Grand Prix 2020,C2-C2-C3,-3.1569671487893243,11.0,2
70th Anniversary Grand Prix 2020,C3-C3-C2-C3,-11.10620546415171,14.0,1
70th Anniversary Grand Prix 2020,C2-C3,-1.501715456182115,15.0,1
70th Anniversary Grand Prix 2020,C3-C2-C3,-5.9719756537563455,17.0,1
70th Anniversary Grand Prix 2020,C3-C2-C2-C3,-6.4702908032974795,18.5,2
Spanish Grand Prix 2020,C3-C2-C2,-2.6035639331902343,8.2,5
Spanish Grand Prix 2020,C3-C2-C3-C2,-1.8428273599239375,3.0,1
Spanish Grand Prix 2020,C3-C2-C3,-1.106634712285497,4.0,1
Spanish Grand Prix 2020,C3-C2,-4.159584423645601,10.0,2
Spanish Grand Prix 2020,C3-C3-C2,-3.6611382735710256,8.0,2
Spanish Grand Prix 2020,C2-C3,-2.8138152162331544,10.333333333333334,3
Spanish Grand Prix 2020,C3-C1-C2,-4.5299892557355435,8.0,1
Spanish Grand Prix 2020,C2-C2-C3,-4.29132167334257,16.0,3
Spanish Grand Prix 2020,C2-C3-C3,-7.219431858521592,19.0,1
Belgian Grand Prix 2020,C3-C2,-2.7932098749232255,8.4,5
Belgian Grand Prix 2020,C3-C4,-1.0363579160810235,7.5,2
Belgian Grand Prix 2020,C4-C2,-3.093919967415487,7.0,4
Belgian Grand Prix 2020,C4-C4,-2.1628187506930994,6.5,2
Belgian Grand Prix 2020,C2-C3,-1.0554847019208573,8.0,1
Belgian Grand Prix 2020,C4-C2-C3,-6.484859969059624,14.0,1
Belgian Grand Prix 2020,C3-C2-C3,-2.5256726078598835,16.0,1
Belgian Grand Prix 2020,C3-C2-C4,-5.30181505309465,17.0,1
Italian Grand Prix 2020,C4-C2-C3,4.787920764894324,1.0,1
Italian Grand Prix 2020,C4-C3-C3,-2.8532983203467372,5.4,5
Italian Grand Prix 2020,C4-C3,1.6265885480070335,3.0,1
Italian Grand Prix 2020,C4-C3-C2-C2,-6.42114271697705,7.0,1
Italian Grand Prix 2020,C4-C3-C4,-1.0599802522492903,8.0,1
Italian Grand Prix 2020,C2-C3-C3,-2.5764349164594256,9.0,1
Italian Grand Prix 2020,C3-C2-C3,1.263251031227635,12.5,2
Italian Grand Prix 2020,C3-C2-C2,-0.7872218526908057,12.0,1
Italian Grand Prix 2020,C3-C2-C4,-2.9607717320947007,13.0,1
Italian Grand Prix 2020,C4-C3-C2,-9.796313439982487,15.0,1
Italian Grand Prix 2020,C3-C2-C4-C4,-5.5143692645995515,16.0,1
Tuscan Grand Prix 2020,C3-C3-C2-C1,-0.6319382502561999,1.5,2
Tuscan Grand Prix 2020,C3-C3-C3-C2,-0.16211028772008929,4.5,4
Tuscan Grand Prix 2020,C2-C2-C3-C2,-0.027024390038275392,7.0,1
Tuscan Grand Prix 2020,C3-C3-C3-C1,-5.10659815235757,8.0,1
Tuscan Grand Prix 2020,C2-C2-C2-C2,0.4640053297944906,9.0,1
Tuscan Grand Prix 2020,C3-C2-C2-C3,-1.8997948450153643,10.0,1
Tuscan Grand Prix 2020,C2-C2-C2-C1,1.8964801139650778,11.0,1
Tuscan Grand Prix 2020,C2-C1-C3-C1,-1.3601801733630126,12.0,1
Russian Grand Prix 2020,C4-C3,-1.377923014402906,8.714285714285714,7
Russian Grand Prix 2020,C5-C3,-2.29019099985985,4.75,4
Russian Grand Prix 2020,C3-C4,-2.2754265778555824,11.0,2
Russian Grand Prix 2020,C5-C3-C4,-5.165900700672396,11.333333333333334,3
Russian Grand Prix 2020,C4-C3-C4,-5.777533643327395,17.0,1
Russian Grand Prix 2020,C4-C3-C4-C5,-7.992756276910113,18.0,1
Eifel Grand Prix 2020,C4-C3-C4,0.7178690623282379,5.0,7
Eifel Grand Prix 2020,C3-C2-C4,-3.7218552699757965,10.666666666666666,3
Eifel Grand Prix 2020,C4-C3-C3,-2.924470214934825,11.0,4
Eifel Grand Prix 2020,C3-C2,2.227178349408444,9.0,1
Portuguese Grand Prix 2020,C2-C1,-2.9005635377050965,10.125,8
Portuguese Grand Prix 2020,C3-C2,-1.5738933650291624,6.8,5
Portuguese Grand Prix 2020,C3-C2-C3,-6.31821938256423,9.5,2
Portuguese Grand Prix 2020,C2-C3,-1.6372552676556857,8.0,1
Portuguese Grand Prix 2020,C3-C1-C2,-8.373425459609452,13.0,1
Portuguese Grand Prix 2020,C1-C2,-4.809631782443107,16.0,1
Portuguese Grand Prix 2020,C2-C1-C3,-11.472011242067882,19.0,1
Emilia Romagna Grand Prix 2020,C3-C2-C4,-1.8848094224303478,7.0,5
Emilia Romagna Grand Prix 2020,C4-C2,-0.5292828337128197,4.0,2
Emilia Romagna Grand Prix 2020,C4-C2-C4,-5.444471115018979,9.5,2
Emilia Romagna Grand Prix 2020,C4-C3-C4,-2.0061671535273344,7.5,2
Emilia Romagna Grand Prix 2020,C3-C4,1.523752509654459,9.0,1
Emilia Romagna Grand Prix 2020,C4-C3,1.6444278138676136,10.0,1
Emilia Romagna Grand Prix 2020,C3-C2,2.4743273921401165,11.0,1
Emilia Romagna Grand Prix 2020,C3-C2-C3-C4,-4.327698104093537,13.0,1
Turkish Grand Prix 2020,W-I,-0.17958170358376405,5.0,3
Turkish Grand Prix 2020,W-I-I,-2.327596696248006,8.11111111111111,9
Turkish Grand Prix 2020,W-I-I-I,-7.574930968285618,10.5,2
Turkish Grand Prix 2020,W-W-I,-6.948272506481546,11.0,1
Turkish Grand Prix 2020,I-I-I,-13.504770893185608,16.0,1
Bahrain Grand Prix 2020,C3-C3-C3-C2,-1.2121248994699194,4.25,4
Bahrain Grand Prix 2020,C3-C3-C2-C2,-1.8970324767552347,4.5,2
Bahrain Grand Prix 2020,C4-C4-C3-C2,3.6718359575074544,5.0,1
Bahrain Grand Prix 2020,C3-C2-C2,-1.3720544985187022,6.0,1
Bahrain Grand Prix 2020,C3-C3-C2-C3,-4.453097203564508,11.666666666666666,3
Bahrain Grand Prix 2020,C2-C3-C2-C2,-3.062442960610304,10.0,1
Bahrain Grand Prix 2020,C3-C4-C2-C2,-5.210301852810274,11.0,1
Bahrain Grand Prix 2020,C3-C2-C3-C2,-6.634917775175537,13.0,1
Bahrain Grand Prix 2020,C2-C3-C3-C2,0.05217467031515355,14.0,1
Bahrain Grand Prix 2020,C3-C3-C2-C4,-6.679452123488982,16.0,1
Bahrain Grand Prix 2020,C3-C2-C2-C2,-6.336509721638009,17.0,1
Sakhir Grand Prix 2020,C4-C3-C2,-2.093593510129895,6.0,4
Sakhir Grand Prix 2020,C3-C2,4.363777212653746,2.0,1
Sakhir Grand Prix 2020,C4-C3,2.783917538469452,3.0,1
Sakhir Grand Prix 2020,C4-C3-C3,0.8048140145599594,7.0,2
Sakhir Grand Prix 2020,C3-C2-C4,0.9378768005367801,6.0,1
Sakhir Grand Prix 2020,C3-C2-C2,-7.4205543507324085,8.0,1
Sakhir Grand Prix 2020,C3-C2-C3-C3,-5.913885313993001,9.0,1
Sakhir Grand Prix 2020,C3-C2-C4-C4,-4.478605000297216,12.0,1
Sakhir Grand Prix 2020,C3-C2-C3,-4.829971446501073,13.0,1
Sakhir Grand Prix 2020,C3-C2-C3-C4,-3.5999747490054403,15.0,2
Sakhir Grand Prix 2020,C4-C3-C4,-6.053614395556172,15.0,1
Sakhir Grand Prix 2020,C4-C3-C4-C4,-3.485890023996479,17.0,1
Abu Dhabi Grand Prix 2020,C4-C3,-3.3887598221710444,8.555555555555555,9
Abu Dhabi Grand Prix 2020,C5-C3,-3.780608804980408,7.6,5
Abu Dhabi Grand Prix 2020,C3-C4,-3.5591918990872293,10.5,2
Abu Dhabi Grand Prix 2020,C4-C3-C4,-4.103519886034922,17.0,1
Abu Dhabi Grand Prix 2020,C3-C4-C4,-6.148205544335159,18.0,1
Abu Dhabi Grand Prix 2020,C4-C3-C4-C5,-7.217729122147187,19.0,1
Bahrain Grand Prix 2021,C3-C2-C2,0.29998965224348284,5.0,2
Bahrain Grand Prix 2021,C3-C3-C2,-2.5292547423055387,9.0,2
Bahrain Grand Prix 2021,C3-C2-C2-C3,-1.2648202195412153,3.0,1
Bahrain Grand Prix 2021,C4-C3-C2,-3.0840191866962456,8.0,6
Bahrain Grand Prix 2021,C3-C3-C2-C3,-4.997077490437564,5.0,1
Bahrain Grand Prix 2021,C3-C2-C3,-3.8975379224118116,11.5,2
Bahrain Grand Prix 2021,C4-C3-C3,-4.663807314680396,14.0,1
Bahrain Grand Prix 2021,C3-C2,-3.432669522612615,15.0,1
Emilia Romagna Grand Prix 2021,I-C3-C3,0.13689624785304377,3.3333333333333335,3
Emilia Romagna Grand Prix 2021,I-C3-C3-C3,-1.0791416938680825,9.4,5
Emilia Romagna Grand Prix 2021,I-C3-C4,-3.774904812675968,6.666666666666667,3
Emilia Romagna Grand Prix 2021,W-I-C3-C3,-2.1776916456210778,7.0,1
Emilia Romagna Grand Prix 2021,W-I-C3-C4,-1.304145389610266,9.0,1
Emilia Romagna Grand Prix 2021,I-C3-C4-C4,-0.4306403613409575,12.0,1
Emilia Romagna Grand Prix 2021,W-I-C4-C3,-3.314596246947403,16.5,2
Portuguese Grand Prix 2021,C2-C2-C2-C1,-2.8572169883176195,10.5,12
Portuguese Grand Prix 2021,C2-C2-C2-C3,-1.6845449555535654,4.0,1
Portuguese Grand Prix 2021,C3-C3-C3-C2,-4.661653155773014,10.6,5
Portuguese Grand Prix 2021,C3-C3-C3-C1,-3.5100633246762407,7.0,1
Spanish Grand Prix 2021,C3-C2-C2,-3.3273882541047035,13.0,4
Spanish Grand Prix 2021,C3-C2-C3,-3.2756394391945167,8.416666666666666,12
Spanish Grand Prix 2021,C3-C2,-6.102251402228953,9.0,1
Spanish Grand Prix 2021,C2-C3,0.31863283579004076,12.0,1
Spanish Grand Prix 2021,C3-C2-C2-C3,-2.5256726078598835,16.0,1
Monaco Grand Prix 2021,C5-C3,-0.9551281666867077,7.333333333333333,9
Monaco Grand Prix 2021,C5-C3-C5,-2.954087785282807,7.0,1
Monaco Grand Prix 2021,C3-C5,-3.5912632003415688,12.0,2
Monaco Grand Prix 2021,C5-C4,-2.6344870822184117,9.0,1
Monaco Grand Prix 2021,C4-C3,-2.6044410148576844,13.0,4
Monaco Grand Prix 2021,C4-C5,-3.159774163587983,13.0,1
Azerbaijan Grand Prix 2021,C5-C3-C3-C5,-2.2668790698232653,6.0,9
Azerbaijan Grand Prix 2021,C5-C3-C5-C5,-2.3401564146594427,11.25,4
Azerbaijan Grand Prix 2021,C4-C3-C3-C5,0.047026306953293684,10.0,1
Azerbaijan Grand Prix 2021,C5-C3-C3-C3,0.6757659971585888,11.0,1
Azerbaijan Grand Prix 2021,C4-C3-C5,-4.259214442384998,16.0,1
French Grand Prix 2021,C3-C2-C3,-6.186669801726919,8.5,2
French Grand Prix 2021,C3-C2,-3.94219369122466,9.0,12
French Grand Prix 2021,C2-C3,-6.242037035965042,15.0,5
French Grand Prix 2021,C2-C4,0.9927961528764264,10.0,1
Styrian Grand Prix 2021,C3-C2,-2.8671284999466318,10.88888888888889,9
Styrian Grand Prix 2021,C3-C2-C4,-0.842948572356194,2.0,1
Styrian Grand Prix 2021,C4-C2-C3,-2.3194367511016942,5.5,2
Styrian Grand Prix 2021,C4-C2,-3.5108243115130593,8.0,4
Styrian Grand Prix 2021,C2-C3,-0.45336502854144456,11.0,1
Styrian Grand Prix 2021,C3-C4-C2,-5.259214442384998,17.0,1
Austrian Grand Prix 2021,C3-C2-C2,-3.0559169485386453,9.5,4
Austrian Grand Prix 2021,C3-C2,-2.130320226195799,9.0,9
Austrian Grand Prix 2021,C2-C3,-2.4038786264731673,10.0,2
Austrian Grand Prix 2021,C4-C2-C2,-7.084078067684828,11.333333333333334,3
British Grand Prix 2021,C2-C2-C1,-2.2088146481006983,9.0,16
British Grand Prix 2021,C2-C2-C1-C3,-4.638178414664125,11.0,1
British Grand Prix 2021,C1-C1-C2-C2,-15.99815329479637,16.0,1
Hungarian Grand Prix 2021,I-I-C3-C2,1.4182466200685078,6.2727272727272725,11
Hungarian Grand Prix 2021,I-I-I-C3,-7.265219921728882,9.0,1
Hungarian Grand Prix 2021,C3-I-I-C3,-12.797618476394675,13.0,1
Dutch Grand Prix 2021,C3-C2-C1,-5.073647443541172,7.5,2
Dutch Grand Prix 2021,C3-C2-C2-C3,-0.8429440018734449,2.0,1
Dutch Grand Prix 2021,C3-C2-C3,-1.2640975504851426,3.0,1
Dutch Grand Prix 2021,C3-C2,-2.2822396985620252,6.333333333333333,3
Dutch Grand Prix 2021,C3-C1,-3.976510664532184,8.75,4
Dutch Grand Prix 2021,C1-C2-C3,-7.997552049704458,8.0,1
Dutch Grand Prix 2021,C2-C1,-7.417362533741344,13.666666666666666,3
Dutch Grand Prix 2021,C3-C1-C2,-5.002893141587779,15.5,2
Italian Grand Prix 2021,C3-C2,-1.6012777422268039,7.090909090909091,11
Italian Grand Prix 2021,C2-C3,2.8792396941322975,8.5,2
Italian Grand Prix 2021,C3-C2-C3,-7.172346517989304,12.5,2
Russian Grand Prix 2021,C4-C3-I,-4.542141283211046,8.8,10
Russian Grand Prix 2021,C3-C4-I,-1.3808955865593622,9.428571428571429,7
Russian Grand Prix 2021,C4-C3-C5-I,-10.04999534062761,17.0,1
Turkish Grand Prix 2021,I-I,-3.7736017170898384,10.11111111111111,18
Turkish Grand Prix 2021,I,-3.05859826170229,10.0,1
Turkish Grand Prix 2021,I-C3-I,-12.21185725618355,18.0,1
United States Grand Prix 2021,C3-C2-C2,-2.3139537148578118,6.875,8
United States Grand Prix 2021,C3-C3-C2,-2.676725675917165,9.8,5
United States Grand Prix 2021,C4-C2-C2,-3.6556336897477806,8.0,2
United States Grand Prix 2021,C3-C2-C3,-4.259214442384998,16.0,1
United States Grand Prix 2021,C3-C2-C3-C3,-4.681367164209959,17.0,1
Mexico City Grand Prix 2021,C3-C2,-1.7902197846997527,6.833333333333333,12
Mexico City Grand Prix 2021,C3-C2-C3,-6.663919311762906,15.25,4
Mexico City Grand Prix 2021,C4-C2,-2.012872408737584,13.0,1
Mexico City Grand Prix 2021,C3-C2-C3-C4,-14.420172107922497,15.0,1
São Paulo Grand Prix 2021,C3-C3-C3-C2,-3.677624065748209,9.384615384615385,13
São Paulo Grand Prix 2021,C3-C3-C3-C3,-2.8967221454010543,5.5,2
São Paulo Grand Prix 2021,C3-C2-C2-C2,-5.12939340607503,11.5,2
São Paulo Grand Prix 2021,C4-C2-C2-C2,-6.314115680191943,15.0,1
Qatar Grand Prix 2021,C2-C1-C2,0.9688961458524077,2.5,2
Qatar Grand Prix 2021,C2-C1-C2-C3,2.046243517551299,2.0,1
Qatar Grand Prix 2021,C3-C1,-0.5253572916972783,4.0,2
Qatar Grand Prix 2021,C2-C1,-1.8873475106446211,8.25,4
Qatar Grand Prix 2021,C3-C1-C2,-6.685766132959168,9.0,1
Qatar Grand Prix 2021,C3-C2,-3.3684664142152387,13.0,2
Qatar Grand Prix 2021,C3-C2-C2,-7.06016681761402,13.0,2
Qatar Grand Prix 2021,C3-C2-C1,-6.533479815707724,13.5,2
Qatar Grand Prix 2021,C3-C1-C3,-8.305009090736524,17.0,1
Qatar Grand Prix 2021,C2-C3,-3.9478253296848465,18.0,1
Saudi Arabian Grand Prix 2021,C3-C2-C2-C2,-3.5295596017767075,7.0,3
Saudi Arabian Grand Prix 2021,C3-C2-C3,-0.26515189994433475,2.0,1
Saudi Arabian Grand Prix 2021,C3-C2-C2-C3,-3.4820306186999037,9.666666666666666,3
Saudi Arabian Grand Prix 2021,C3-C2-C2,-1.4031961831951392,6.333333333333333,3
Saudi Arabian Grand Prix 2021,C2-C3-C3,1.015582872033387,6.5,2
Saudi Arabian Grand Prix 2021,C4-C2-C2-C2,-5.952111509171845,10.0,1
Saudi Arabian Grand Prix 2021,C3-C2-C3-C2,-6.026528987400566,13.0,2
Abu Dhabi Grand Prix 2021,C5-C3-C3-C5,-0.42084433608780625,1.0,1
Abu Dhabi Grand Prix 2021,C4-C3,-1.8984123771868957,6.333333333333333,3
Abu Dhabi Grand Prix 2021,C5-C3,-1.95031811917369,6.0,2
Abu Dhabi Grand Prix 2021,C4-C3-C5,-2.415388701081669,8.5,2
Abu Dhabi Grand Prix 2021,C3-C4-C5,1.939199358644804,5.0,1
Abu Dhabi Grand Prix 2021,C5-C3-C4,-5.60775510964493,8.5,2
Abu Dhabi Grand Prix 2021,C3-C4,-1.6376347668196232,8.0,1
Abu Dhabi Grand Prix 2021,C5-C3-C5,-3.3716203586359788,13.0,2
Bahrain Grand Prix 2022,C3-C3-C2-C3,-1.6288217541969392,8.833333333333334,6
Bahrain Grand Prix 2022,C3-C1-C2-C3,0.5587716558081091,3.5,2
Bahrain Grand Prix 2022,C3-C2-C2-C3,-1.629596368875931,9.666666666666666,3
Bahrain Grand Prix 2022,C3-C2-C1-C3,-2.5041750599276225,8.0,2
Bahrain Grand Prix 2022,C3-C2-C3-C3,1.2596103327753703,8.0,1
Bahrain Grand Prix 2022,C3-C2-C3,-1.5706035550851514,11.0,1
Bahrain Grand Prix 2022,C2-C3-C1-C3,-3.5946117569956915,14.0,1
Bahrain Grand Prix 2022,C2-C1-C3-C3,-7.484883305941272,15.0,1
Saudi Arabian Grand Prix 2022,C3-C2,-0.652872930801989,5.444444444444445,9
Saudi Arabian Grand Prix 2022,C2-C3,-1.4103991066966326,10.333333333333334,3
Saudi Arabian Grand Prix 2022,C3-C2-C2,-4.046094119663545,11.0,1
Australian Grand Prix 2022,C3-C2,-1.9034635852794235,7.0,12
Australian Grand Prix 2022,C2-C5,4.0521746703151535,10.0,1
Australian Grand Prix 2022,C2-C3-C2-C2,1.4743273921401165,12.0,1
Australian Grand Prix 2022,C2-C3,-4.750291753680564,14.0,1
Australian Grand Prix 2022,C3-C2-C2,-3.1035198860349222,16.0,1
Australian Grand Prix 2022,C2-C3-C3,-11.201710393188876,17.0,1
Emilia Romagna Grand Prix 2022,I-C3-C4,-3.3245367225053752,6.666666666666667,3
Emilia Romagna Grand Prix 2022,I-C3,-2.3318831002836182,9.76923076923077,13
Emilia Romagna Grand Prix 2022,I-C3-C4-C4,-4.843327260290401,6.0,1
Emilia Romagna Grand Prix 2022,I-I-C3-C2,-14.524999566169086,18.0,1
Miami Grand Prix 2022,C3-C2,-1.7531744164368364,5.571428571428571,7
Miami Grand Prix 2022,C3-C2-C3,-3.04375463998866,9.5,2
Miami Grand Prix 2022,C2-C3,-3.018050400155659,9.666666666666666,3
Miami Grand Prix 2022,C2-C4,3.561823730366317,8.0,1
Miami Grand Prix 2022,C3-C2-C4,-5.846464435632443,12.5,2
Spanish Grand Prix 2022,C3-C2-C3-C2,-3.700413623761766,9.5,2
Spanish Grand Prix 2022,C3-C2-C2-C3,-0.6867512193572033,3.0,3
Spanish Grand Prix 2022,C2-C3-C2-C3,-1.5299419358574724,5.0,1
Spanish Grand Prix 2022,C3-C2-C2,-1.9509475325045678,6.0,1
Spanish Grand Prix 2022,C3-C2-C3-C3,-1.59106083881683,10.5,6
Spanish Grand Prix 2022,C3-C3-C2,-4.007666539224379,12.5,2
Spanish Grand Prix 2022,C3-C3-C2-C3,-5.9574372139051945,13.5,2
Spanish Grand Prix 2022,C3-C2-C1,-12.368931976902637,17.0,1
Monaco Grand Prix 2022,W-I-C3-C4,-3.207503339604063,8.8,5
Monaco Grand Prix 2022,W-C3-C3,-2.6010786715527767,8.0,3
Monaco Grand Prix 2022,W-I-C3-C3,-3.764405119704081,6.666666666666667,3
Monaco Grand Prix 2022,W-C3-C4,-3.7515559095628532,10.0,4
Monaco Grand Prix 2022,I-I-C3-C3,-1.155497782670519,11.0,1
Monaco Grand Prix 2022,W-W-I-C3,-3.5369340516247334,14.0,1
Azerbaijan Grand Prix 2022,C4-C3-C3,-0.4577515853396796,4.4,5
Azerbaijan Grand Prix 2022,C4-C3,-1.5306979103542147,6.75,4
Azerbaijan Grand Prix 2022,C3-C4,-1.9544727144916136,9.666666666666666,3
Azerbaijan Grand Prix 2022,C4-C3-C5,-8.362699168922443,13.0,1
Azerbaijan Grand Prix 2022,C3-C4-C3,-0.5101689883051641,14.0,1
Azerbaijan Grand Prix 2022,C4-C4-C3,-2.655605810165749,15.0,1
Canadian Grand Prix 2022,C4-C3-C3,-2.6327938173327525,8.4,10
Canadian Grand Prix 2022,C3-C4,1.747523480384822,7.333333333333333,3
Canadian Grand Prix 2022,C4-C3-C4,-4.891441341398121,7.5,2
Canadian Grand Prix 2022,C3-C3-C4,-6.906360130853882,15.0,1
Canadian Grand Prix 2022,C4-C3,-14.097526319433486,17.0,1
British Grand Prix 2022,C2-C2-C1-C3,-0.6644708835590509,6.0,6
British Grand Prix 2022,C2-C2-C2-C3,0.3129020783852874,2.0,1
British Grand Prix 2022,C2-C2-C1,-2.2648574659557132,4.0,1
British Grand Prix 2022,C3-C2-C2-C1,-5.84314603743434,7.0,1
British Grand Prix 2022,C3-C3-C2-C2,1.4176826430297513,9.0,1
British Grand Prix 2022,C3-C2-C2,-0.1617141888763527,10.0,1
British Grand Prix 2022,C2-C2-C1-C2,0.6163269315058955,11.0,1
British Grand Prix 2022,C3-C3-C2-C3,-4.274810663888832,12.0,1
British Grand Prix 2022,C2-C3-C1-C3,-6.470443535050812,14.0,1
Austrian Grand Prix 2022,C4-C3-C3-C4,-0.6318046378603489,1.5,2
Austrian Grand Prix 2022,C4-C3-C4,-2.187658223735148,8.0,2
Austrian Grand Prix 2022,C4-C3,-3.654846049027255,8.555555555555555,9
Austrian Grand Prix 2022,C3-C3-C4-C4,0.9868095212160242,10.0,1
Austrian Grand Prix 2022,C3-C3-C4,-6.449031512950949,14.0,1
Austrian Grand Prix 2022,C3-C4-C3,-6.73496905635333,16.0,1
Austrian Grand Prix 2022,C3-C4,-6.582844436467822,17.0,1
French Grand Prix 2022,C3-C2,-2.1900578126303163,6.7272727272727275,11
French Grand Prix 2022,C2-C3-C3,5.980898452087917,5.0,1
French Grand Prix 2022,C2-C3,-3.8946657901365302,12.0,1
French Grand Prix 2022,C2-C2-C3,-7.637859174006702,14.0,1
French Grand Prix 2022,C3-C2-C2,-5.9344584963240985,15.5,2
Hungarian Grand Prix 2022,C4-C3-C3,1.0343454579477034,4.75,4
Hungarian Grand Prix 2022,C3-C3-C4,-0.39773916176709156,3.0,2
Hungarian Grand Prix 2022,C3-C3-C2-C4,-4.264880760457421,6.0,1
Hungarian Grand Prix 2022,C4-C3-C2,-7.235522979969023,11.0,2
Hungarian Grand Prix 2022,C3-C2,-5.315928169620672,8.5,2
Hungarian Grand Prix 2022,C4-C3-C4,-7.416751017185984,11.5,2
Hungarian Grand Prix 2022,C3-C2-C4,-6.019265949749317,13.0,1
Hungarian Grand Prix 2022,C3-C2-C3,-5.311192339020597,14.0,1
Hungarian Grand Prix 2022,C3-C2-C3-C4,-8.475526812554115,16.0,1
Hungarian Grand Prix 2022,C4-C3-C3-C4,-7.080625920762259,17.0,1
Hungarian Grand Prix 2022,C3-C3-C4-C4,-5.06891100115528,18.0,1
Hungarian Grand Prix 2022,C4-C3-C4-C4,-9.731113534511524,19.0,1
Belgian Grand Prix 2022,C4-C3-C3,7.091004373419164,1.0,1
Belgian Grand Prix 2022,C3-C3-C2,-2.736551070275798,5.5,4
Belgian Grand Prix 2022,C4-C3-C2,-2.4203256980452017,3.0,1
Belgian Grand Prix 2022,C4-C3-C3-C4,2.6693376972415397,6.0,1
Belgian Grand Prix 2022,C3-C2-C3,-4.93501432810804,12.142857142857142,7
Belgian Grand Prix 2022,C3-C2-C4,-8.981735846947764,9.0,1
Belgian Grand Prix 2022,C2-C3-C4,-12.97474709057999,13.0,1
Belgian Grand Prix 2022,C3-C3-C4,-3.548397539460037,14.0,1
Belgian Grand Prix 2022,C3-C3-C2-C4,-9.689953640634513,18.0,1
Dutch Grand Prix 2022,C3-C2-C1-C3,-3.995863853396445,10.25,8
Dutch Grand Prix 2022,C2-C1-C2-C3,1.4689221792780014,2.0,1
Dutch Grand Prix 2022,C2-C1-C2-C2,-1.6865115336903815,4.0,1
Dutch Grand Prix 2022,C3-C2-C1-C2,-2.1091833265046884,5.0,1
Dutch Grand Prix 2022,C3-C1-C3-C3,-0.2714733319183824,7.5,2
Dutch Grand Prix 2022,C2-C1-C3-C3,-2.9506884873557997,7.0,1
Dutch Grand Prix 2022,C2-C2-C1-C3,-5.394927482847467,13.333333333333334,3
Dutch Grand Prix 2022,C3-C3-C2-C3,-7.856016251714898,16.0,1
Italian Grand Prix 2022,C4-C3-C4,3.0460302860442896,1.0,1
Italian Grand Prix 2022,C4-C3-C4-C4,-1.420488006339082,2.0,1
Italian Grand Prix 2022,C4-C2-C4,-1.8425217473153546,3.0,1
Italian Grand Prix 2022,C3-C4-C4,0.570516782930464,5.5,2
Italian Grand Prix 2022,C3-C4,-0.16449019701463818,10.0,3
Italian Grand Prix 2022,C3-C2-C4,-3.727573879123785,12.75,4
Italian Grand Prix 2022,C3-C2,-4.916700163210438,9.0,2
Italian Grand Prix 2022,C4-C3,-2.4265400692573156,9.0,1
Italian Grand Prix 2022,C4-C2,-2.905083947139916,11.0,1
Singapore Grand Prix 2022,I-C4,-1.9663237591984317,5.375,8
Singapore Grand Prix 2022,I-C5,0.9693259878016312,8.0,2
Singapore Grand Prix 2022,I-C4-C5,-4.206961377077736,10.0,2
Singapore Grand Prix 2022,I-I-C4,-6.782791372805829,12.0,1
Singapore Grand Prix 2022,I-C4-C4-C5,-13.9982362631555,14.0,1
Japanese Grand Prix 2022,I-W-I,-2.540928229232573,8.076923076923077,13
Japanese Grand Prix 2022,I-W-I-I,-4.313267061062682,12.0,4
Japanese Grand Prix 2022,I-W-W-I,-8.1596230165886,18.0,1
United States Grand Prix 2022,C3-C2-C3,1.7649129112202198,2.6666666666666665,3
United States Grand Prix 2022,C3-C2-C2,-3.8557730958143233,10.0,5
United States Grand Prix 2022,C3-C2-C2-C4,-2.686671203989383,5.0,1
United States Grand Prix 2022,C2-C3-C2,-2.313519770347895,11.0,2
United States Grand Prix 2022,C3-C3-C2,-4.120445386587484,12.0,4
United States Grand Prix 2022,C2-C3,-1.469345249583359,9.0,1
United States Grand Prix 2022,C2-C2-C3,-10.994845552542685,11.0,1
Mexico City Grand Prix 2022,C4-C3,-2.8686117411258683,7.5,6
Mexico City Grand Prix 2022,C3-C2,-3.344118162811227,7.25,4
Mexico City Grand Prix 2022,C3-C2-C4,-2.8423666504703795,4.0,1
Mexico City Grand Prix 2022,C3-C4,-3.520974598592912,12.0,5
Mexico City Grand Prix 2022,C3-C4-C4,-3.413067079341099,15.0,1
Mexico City Grand Prix 2022,C4-C2-C4,-7.418176707122603,18.0,1
São Paulo Grand Prix 2022,C4-C3-C4,-1.0669873934946437,6.4,5
São Paulo Grand Prix 2022,C3-C4-C3-C4,1.0469821564671706,3.0,1
São Paulo Grand Prix 2022,C3-C3-C4-C4,-1.109128878599098,4.0,1
São Paulo Grand Prix 2022,C3-C3-C3-C4,4.829563366978842,5.0,1
São Paulo Grand Prix 2022,C4-C3-C4-C4,-4.265368300769625,6.0,1
São Paulo Grand Prix 2022,C4-C3-C3,-5.236742132701147,9.0,2
São Paulo Grand Prix 2022,C3-C3-C4,-1.3007478282951332,10.0,1
São Paulo Grand Prix 2022,C3-C4-C4,-6.031067666260548,13.0,1
São Paulo Grand Prix 2022,C4-C3-C4-C3,-8.201676990631197,14.0,1
São Paulo Grand Prix 2022,C2-C3-C3-C3,-3.9152048101459993,15.0,1
São Paulo Grand Prix 2022,C3-C2-C3-C4,-5.409490998373542,16.0,1
São Paulo Grand Prix 2022,C3-C4-C4-C3,-16.965146329083346,17.0,1
Abu Dhabi Grand Prix 2022,C4-C3,-1.7368419488821814,5.5,4
Abu Dhabi Grand Prix 2022,C4-C3-C3,-1.9670692749098304,4.666666666666667,3
Abu Dhabi Grand Prix 2022,C4-C3-C4,-2.8601405222374883,9.6,5
Abu Dhabi Grand Prix 2022,C4-C3-C5,-3.9359895522132917,11.5,2
Abu Dhabi Grand Prix 2022,C5-C3,-4.155762017167241,14.0,1
Abu Dhabi Grand Prix 2022,C3-C4,-6.161769372119904,16.0,2
Bahrain Grand Prix 2023,C3-C3-C1,-0.6319022554821688,1.5,2
Bahrain Grand Prix 2023,C3-C1-C1,-1.6438345112225121,6.714285714285714,7
Bahrain Grand Prix 2023,C3-C1-C1-C3,-2.5279443756509825,11.666666666666666,3
Bahrain Grand Prix 2023,C3-C3-C1-C3,-1.012800938415471,11.0,2
Bahrain Grand Prix 2023,C1-C1-C3-C3,-3.156418735342003,13.0,1
Bahrain Grand Prix 2023,C3-C1-C3-C3,-8.417461612086967,16.0,1
Bahrain Grand Prix 2023,C3-C1-C3-C2,-10.639424770275856,17.0,1
Saudi Arabian Grand Prix 2023,C3-C2,-1.6579270134944049,7.916666666666667,12
Saudi Arabian Grand Prix 2023,C2-C3,-1.7299936761837018,10.5,2
Saudi Arabian Grand Prix 2023,C4-C2,1.8648989304829957,7.0,1
Saudi Arabian Grand Prix 2023,C3-C2-C3,-4.712009864708779,13.0,1
Saudi Arabian Grand Prix 2023,C4-C2-C3,-3.5256726078598835,17.0,1
Saudi Arabian Grand Prix 2023,C3-C2-C3-C4,-9.90391558907362,18.0,1
Australian Grand Prix 2023,C3-C2-C4-C4,0.7496282179197823,5.125,8
Australian Grand Prix 2023,C2-C3-C2-C2,6.55797278984681,5.0,1
Australian Grand Prix 2023,C4-C2-C2-C4,1.373994026481693,10.0,2
Australian Grand Prix 2023,C3-C2-C2-C4,-9.108401019608824,12.0,1
Azerbaijan Grand Prix 2023,C4-C3,-3.134708264974002,7.615384615384615,13
Azerbaijan Grand Prix 2023,C4-C3-C5,-1.6401656916893481,8.0,1
Azerbaijan Grand Prix 2023,C4-C3-C3,-4.160116366560992,14.0,1
Azerbaijan Grand Prix 2023,C3-C5,-4.717730999411538,16.0,2
Azerbaijan Grand Prix 2023,C4-C3-C3-C4,-10.470805408098865,18.0,1
Miami Grand Prix 2023,C2-C3,-2.4687845001354582,10.0,7
Miami Grand Prix 2023,C3-C2,-4.6670857386109965,9.454545454545455,11
Miami Grand Prix 2023,C4-C2,-7.8726621465041315,18.0,2
Monaco Grand Prix 2023,C4-I,-4.427174325339262,9.333333333333334,3
Monaco Grand Prix 2023,C3-C4-I,-2.999897466545839,5.75,4
Monaco Grand Prix 2023,C4-C3-I,-2.9840802366736012,7.5,4
Monaco Grand Prix 2023,C3-I,-2.098716046202316,8.666666666666666,3
Monaco Grand Prix 2023,C5-C3-I,-1.9691530173143956,13.0,1
Monaco Grand Prix 2023,C4-C3-C4-I,-4.442009621232733,16.0,1
Monaco Grand Prix 2023,C4-C3-I-W,-6.579287303560468,17.0,1
Monaco Grand Prix 2023,C4-C3-C5-I,-6.7972791366966305,18.0,1
Spanish Grand Prix 2023,C2-C1-C3,0.9681729315911551,2.5,2
Spanish Grand Prix 2023,C3-C2-C3,2.125058223057623,2.5,2
Spanish Grand Prix 2023,C3-C2-C1,-4.193430833771561,7.666666666666667,3
Spanish Grand Prix 2023,C3-C3-C1,-2.7409481065005545,6.5,2
Spanish Grand Prix 2023,C3-C1-C1,-5.57324711128491,14.0,2
Spanish Grand Prix 2023,C1-C3-C1,-0.01777173803853138,11.0,1
Spanish Grand Prix 2023,C3-C1-C2,-5.1137611111244805,13.75,4
Spanish Grand Prix 2023,C3-C2-C1-C2,-9.523960597224889,16.5,2
Spanish Grand Prix 2023,C3-C1-C2-C3,-15.2548678844891,17.0,1
Spanish Grand Prix 2023,C2-C1-C1,-6.48081394197467,20.0,1
Canadian Grand Prix 2023,C4-C3-C4,-0.8429333698118345,2.0,2
Canadian Grand Prix 2023,C4-C3-C3,-5.390635294773142,11.5,8
Canadian Grand Prix 2023,C4-C3,-0.35788384640320814,7.5,4
Canadian Grand Prix 2023,C3-C4-C5,0.9354592681433722,6.0,1
Canadian Grand Prix 2023,C3-C4,-1.8720389211308248,10.0,1
Canadian Grand Prix 2023,C5-C3-C3,-3.3223378167324586,12.0,1
Canadian Grand Prix 2023,C3-C4-C4,-9.417810261919044,17.0,1
Austrian Grand Prix 2023,C4-C4-C3-C4,-2.8900820253448023,8.6,5
Austrian Grand Prix 2023,C4-C4-C4-C3,0.1880584047839268,3.6666666666666665,3
Austrian Grand Prix 2023,C4-C4-C3-C3,-4.386469321534721,11.285714285714286,7
Austrian Grand Prix 2023,C3-C3-C4-C4,-0.9534567804576088,5.0,1
Austrian Grand Prix 2023,C3-C3-C4-C3,-6.8747626007214,15.0,1
Austrian Grand Prix 2023,C3-C4-C3-C3,-6.941067158272443,18.0,1
Austrian Grand Prix 2023,C4-C3-C3-C3,-9.658473198937298,19.0,1
British Grand Prix 2023,C2-C3,-1.4118574519811151,7.142857142857143,7
British Grand Prix 2023,C2-C1,-3.3914144462547946,5.333333333333333,3
British Grand Prix 2023,C3-C2,-1.5302210031644492,5.0,1
British Grand Prix 2023,C2-C1-C2,-6.685871089880284,9.0,1
British Grand Prix 2023,C1-C3,-0.4033303398141559,12.0,1
British Grand Prix 2023,C1-C2-C3,-6.619983491631583,13.0,1
British Grand Prix 2023,C2-C1-C3-C3,-5.128527344311513,15.0,1
British Grand Prix 2023,C3-C1-C3,-6.646993491968148,16.0,1
British Grand Prix 2023,C3-C2-C3,-4.64415905256814,17.0,1
Hungarian Grand Prix 2023,C4-C3-C4,-1.9463594110094455,5.0,5
Hungarian Grand Prix 2023,C3-C4-C4,3.302939887725236,4.5,2
Hungarian Grand Prix 2023,C4-C3-C3,-6.3892894454208875,12.285714285714286,7
Hungarian Grand Prix 2023,C5-C3-C3,-1.7732233155514097,9.0,2
Hungarian Grand Prix 2023,C5-C3-C4,-5.057775837366524,15.0,1
Belgian Grand Prix 2023,C4-C3-C4,-0.7628375674171887,5.4,5
Belgian Grand Prix 2023,C4-C3-C4-C3,-2.264584481815918,4.0,1
Belgian Grand Prix 2023,C3-C3-C4,-1.6555537574003312,7.5,2
Belgian Grand Prix 2023,C3-C4,-2.2955348285832806,7.5,2
Belgian Grand Prix 2023,C3-C2-C4,-2.9508232913304937,7.0,1
Belgian Grand Prix 2023,C4-C3,-4.051333550417336,11.0,1
Belgian Grand Prix 2023,C4-C3-C3,-4.383006432421308,14.333333333333334,3
Belgian Grand Prix 2023,C4-C3-C3-C4,-4.985239830941839,15.5,2
Belgian Grand Prix 2023,C3-C4-C4,-6.414153479528165,18.0,1
Dutch Grand Prix 2023,C3-I-C3-C3,-0.52214772501476,4.571428571428571,7
Dutch Grand Prix 2023,C2-I-C3-C3,1.5138527700141875,6.0,1
Dutch Grand Prix 2023,C3-C2-I-I,-5.6616839544924975,8.0,1
Dutch Grand Prix 2023,C3-C3-C2-I,-4.369775599197502,9.0,1
Dutch Grand Prix 2023,C3-I-C3-C2,-6.863990878589341,13.333333333333334,3
Dutch Grand Prix 2023,C3-C2-C3-I,-3.7123589319500505,13.0,2
Dutch Grand Prix 2023,C3-I-C3-I,-5.080625920762259,15.0,1
Dutch Grand Prix 2023,C3-I-C3-C1,-15.26384694247464,17.0,1
Italian Grand Prix 2023,C4-C3,-2.2682601187833393,6.8,10
Italian Grand Prix 2023,C3-C4,-1.6142526707747908,8.0,2
Italian Grand Prix 2023,C4-C3-C4,-5.873589020980806,13.8,5
Italian Grand Prix 2023,C3-C4-C4,-6.8964934403875535,18.0,1
Singapore Grand Prix 2023,C4-C3,-0.8931166052790114,6.333333333333333,6
Singapore Grand Prix 2023,C4-C3-C4,-1.5557291223575351,9.333333333333334,3
Singapore Grand Prix 2023,C5-C3,-2.2636799713324827,4.0,1
Singapore Grand Prix 2023,C3-C4,0.4352906210094081,6.5,2
Singapore Grand Prix 2023,C4-C3-C5,-8.67632695013727,12.5,2
Singapore Grand Prix 2023,C5-C3-C4,-0.947826835931961,12.0,1
Japanese Grand Prix 2023,C2-C2-C1,-1.5459123248048956,3.6666666666666665,3
Japanese Grand Prix 2023,C2-C1-C1,-2.2076205673993603,7.333333333333333,6
Japanese Grand Prix 2023,C2-C1,-2.3742760185146885,7.0,1
Japanese Grand Prix 2023,C3-C1-C1,-2.2194352870350187,8.0,1
Japanese Grand Prix 2023,C3-C2-C1,-5.591778549956498,11.5,2
Japanese Grand Prix 2023,C3-C3-C3-C1,-1.9427839586293967,13.0,1
Japanese Grand Prix 2023,C3-C2-C1-C2,-3.5601304542799106,14.0,1
Qatar Grand Prix 2023,C2-C2-C1-C2,-3.0464451596016278,7.0,6
Qatar Grand Prix 2023,C2-C2-C2-C1,0.4711213880005767,3.0,3
Qatar Grand Prix 2023,C3-C2-C1-C1,-3.116960585422979,11.0,2
Qatar Grand Prix 2023,C2-C1-C1-C3,2.062236232596586,9.0,1
Qatar Grand Prix 2023,C1-C2-C2-C2,1.5584745701321658,10.0,1
Qatar Grand Prix 2023,C2-C2-C1-C1,-6.998772339174036,14.0,2
Qatar Grand Prix 2023,C2-C1-C2-C1,-7.868987964559203,16.0,1
Qatar Grand Prix 2023,C3-C1-C1-C2,-7.016095576162442,17.0,1
United States Grand Prix 2023,C3-C3-C2,0.2592949540866035,3.5,4
United States Grand Prix 2023,C3-C2-C2,-3.7659821094876444,9.0,3
United States Grand Prix 2023,C3-C2-C3,-1.3267988717315164,9.5,4
United States Grand Prix 2023,C2-C3-C3,2.004623474655741,9.0,2
United States Grand Prix 2023,C3-C2-C3-C4,-1.5215870744087994,8.0,1
United States Grand Prix 2023,C3-C2-C4,-4.961299645763326,15.0,1
Mexico City Grand Prix 2023,C4-C3-C3-C3,0.734431147184146,1.0,1
Mexico City Grand Prix 2023,C4-C3-C4,-2.468875173444424,7.25,4
Mexico City Grand Prix 2023,C4-C3-C3,-4.58722904507747,9.428571428571429,7
Mexico City Grand Prix 2023,C5-C3-C4-C4,4.826006371041927,5.0,1
Mexico City Grand Prix 2023,C3-C4-C4,-0.8924551502292584,9.0,1
Mexico City Grand Prix 2023,C3-C4,-1.3234113616528536,10.0,1
São Paulo Grand Prix 2023,C4-C4-C4-C3,-1.0723214667504726,6.181818181818182,11
São Paulo Grand Prix 2023,C3-C3-C4-C4,0.29109911830180657,11.0,1
São Paulo Grand Prix 2023,C4-C3-C4-C4,-5.594966574039814,12.0,1
São Paulo Grand Prix 2023,C4-C3-C3-C4,-8.216901890405904,14.0,1
Las Vegas Grand Prix 2023,C4-C3-C3,-2.309496789671917,6.666666666666667,6
Las Vegas Grand Prix 2023,C4-C3,-5.331380045219287,9.833333333333334,6
Las Vegas Grand Prix 2023,C5-C3-C3,5.985639300900779,5.0,1
Las Vegas Grand Prix 2023,C3-C4-C3,-1.2195248929161888,7.0,1
Las Vegas Grand Prix 2023,C3-C3-C4,0.40607861418797775,10.0,1
Las Vegas Grand Prix 2023,C3-C4,-5.107354868714273,15.0,1
Las Vegas Grand Prix 2023,C4-C3-C4,-12.910245881682709,17.0,1
Abu Dhabi Grand Prix 2023,C4-C3-C3,-3.7532192459324714,9.0,14
Abu Dhabi Grand Prix 2023,C4-C3,-4.777259583439951,10.0,2
Abu Dhabi Grand Prix 2023,C3-C3-C4,-2.4820142489311383,10.0,1
Abu Dhabi Grand Prix 2023,C4-C3-C4,-5.948308041740731,17.0,1
Abu Dhabi Grand Prix 2023,C3-C4,-8.551728104472938,19.0,1
Bahrain Grand Prix 2024,C3-C1-C3,-1.4557790254156062,5.333333333333333,3
Bahrain Grand Prix 2024,C3-C1-C1,-4.113928377681449,10.0,14
Bahrain Grand Prix 2024,C3-C1-C1-C3,-8.61558593197023,18.0,3
Saudi Arabian Grand Prix 2024,C3-C2,-1.8916110047435244,8.615384615384615,13
Saudi Arabian Grand Prix 2024,C4-C2,1.286790407623382,7.0,1
Saudi Arabian Grand Prix 2024,C3-C4,-4.283839524327895,11.666666666666666,3
Saudi Arabian Grand Prix 2024,C4-C2-C4,-5.259214442384998,17.0,1
Australian Grand Prix 2024,C4-C3-C3,-0.9351993522706376,6.909090909090909,11
Australian Grand Prix 2024,C3-C4-C3,-0.9614825556010165,8.5,2
Australian Grand Prix 2024,C5-C3-C3,-0.31459624694740285,13.5,2
Australian Grand Prix 2024,C4-C3-C3-C3,-4.837061720560037,16.0,1
Japanese Grand Prix 2024,C2-C2-C2-C1,-0.6502326901654524,2.0,3
Japanese Grand Prix 2024,C2-C2-C1,-0.9570651834424408,8.5,2
Japanese Grand Prix 2024,C2-C2-C1-C1,-3.8972751130178374,6.5,2
Japanese Grand Prix 2024,C3-C3-C2-C1,-2.926913783142413,9.0,2
Japanese Grand Prix 2024,C2-C1-C1-C2,-3.371359047048275,8.0,2
Japanese Grand Prix 2024,C2-C3-C1-C1,-4.209113143091339,10.0,1
Japanese Grand Prix 2024,C3-C3-C1-C1,-4.0176358627033135,12.5,2
Japanese Grand Prix 2024,C3-C1-C1-C2,-3.68136716420996,16.0,2
Japanese Grand Prix 2024,C3-C1-C2-C1,-3.6813671642099592,16.0,1
Chinese Grand Prix 2024,C3-C2-C2,-2.0062671732820974,6.25,4
Chinese Grand Prix 2024,C3-C2,-0.3903657789784374,3.6666666666666665,3
Chinese Grand Prix 2024,C3-C3-C2,-2.632093868071447,8.666666666666666,3
Chinese Grand Prix 2024,C3-C2-C4-C3,-5.26256243588337,7.0,1
Chinese Grand Prix 2024,C4-C3-C2,-0.7691100759245897,13.0,2
Chinese Grand Prix 2024,C3-C2-C2-C3,-1.8370617205600368,13.0,1
Chinese Grand Prix 2024,C3-C2-C2-C4,-2.259214442384998,14.0,1
Chinese Grand Prix 2024,C4-C3-C2-C3,-8.634454980868188,15.0,1
Chinese Grand Prix 2024,C2-C2-C3,-6.096761714622518,16.0,1
Miami Grand Prix 2024,C3-C2,-1.5445571399310776,6.0,8
Miami Grand Prix 2024,C3-C2-C3,-6.904919396457634,11.25,4
Miami Grand Prix 2024,C2-C3,-1.0696254459202124,10.0,3
Miami Grand Prix 2024,C3-C4,-0.5256726078598835,14.0,1
Miami Grand Prix 2024,C4-C2-C3,-4.259214442384998,16.0,1
Miami Grand Prix 2024,C3-C2-C4,-7.414908998735074,18.0,1
Miami Grand Prix 2024,C2-C3-C3-C3,-8.50123805203551,19.0,1
Emilia Romagna Grand Prix 2024,C4-C3,-3.2889444415219127,8.307692307692308,13
Emilia Romagna Grand Prix 2024,C4-C3-C4,-3.5292620840500977,7.0,1
Emilia Romagna Grand Prix 2024,C3-C4,-2.6164847151416875,13.333333333333334,3
Emilia Romagna Grand Prix 2024,C5-C3-C4,-5.3700503328498606,16.0,1
Emilia Romagna Grand Prix 2024,C5-C3-C4-C5,-7.438745294478835,19.0,1
Monaco Grand Prix 2024,C4-C3,-1.9888219172777621,5.571428571428571,7
Monaco Grand Prix 2024,C3-C4,-2.4222192904341533,8.666666666666666,3
Monaco Grand Prix 2024,C3-C4-C3,-2.054671054307393,8.666666666666666,3
Monaco Grand Prix 2024,C3-C4-C3-C5,-6.474882191862418,14.0,1
Monaco Grand Prix 2024,C3-C3-C4,-3.837061720560037,15.0,1
Monaco Grand Prix 2024,C4-C3-C5,-3.1035198860349222,16.0,1
Canadian Grand Prix 2024,I-I-C4,-1.9681892906705212,4.0,4
Canadian Grand Prix 2024,I-I-C3-C4,-2.41882689128613,3.0,1
Canadian Grand Prix 2024,I-I-C4-C3,0.04907105987725657,4.0,1
Canadian Grand Prix 2024,I-I-C3,-1.4930713670111515,7.333333333333333,3
Canadian Grand Prix 2024,I-C4,-2.7756537406586124,12.333333333333334,3
Canadian Grand Prix 2024,W-I-I-C4,-2.4527931284509945,11.5,2
Canadian Grand Prix 2024,I-I-C4-C4,-0.9478253296848465,15.0,1
Spanish Grand Prix 2024,C3-C2-C3,-1.2866040945235446,3.6,5
Spanish Grand Prix 2024,C3-C2-C1,-4.6387878051359275,11.909090909090908,11
Spanish Grand Prix 2024,C3-C3-C2-C3,-1.641888843597168,8.0,1
Spanish Grand Prix 2024,C3-C3-C1,-6.570603555085151,16.0,1
Spanish Grand Prix 2024,C2-C3-C3,-6.335604379267997,18.0,1
Spanish Grand Prix 2024,C3-C2-C1-C3,-9.165685884980492,19.0,1
Austrian Grand Prix 2024,C4-C4-C3,-1.214019974968952,7.0,2
Austrian Grand Prix 2024,C4-C3-C4,-4.222933186269478,8.285714285714286,7
Austrian Grand Prix 2024,C4-C3-C4-C5,-4.421100575769008,5.0,1
Austrian Grand Prix 2024,C4-C3-C3,-3.1499654727350546,11.333333333333334,6
Austrian Grand Prix 2024,C4-C3-C4-C4,-7.531403811155268,11.0,1
Austrian Grand Prix 2024,C3-C4-C3,-2.9478253296848465,17.0,1
Austrian Grand Prix 2024,C4-C4-C3-C5,-9.326621922084344,18.0,1
Austrian Grand Prix 2024,C4-C4-C3-C4,-6.063737302171516,19.0,1
British Grand Prix 2024,C2-I-C3,-2.2380034191690616,8.875,8
British Grand Prix 2024,C2-I-C1,0.31245960514388704,2.0,1
British Grand Prix 2024,C2-I-C2,-2.3392412230571304,7.0,4
British Grand Prix 2024,C2-I-C1-C3,-0.9532840468095776,5.0,1
British Grand Prix 2024,C2-I-I-C3,-7.642051971438952,14.0,1
British Grand Prix 2024,C3-I-C2-I,-5.523654303264683,16.0,1
British Grand Prix 2024,C1-I-I-C2,-5.441081710069126,17.0,1
British Grand Prix 2024,C3-C2-I-I,-7.414908998735074,18.0,1
Hungarian Grand Prix 2024,C4-C3-C4,-1.7492195342078418,3.6,5
Hungarian Grand Prix 2024,C4-C3-C3,-5.237910260924702,12.6,5
Hungarian Grand Prix 2024,C3-C4-C4,2.2476991347125743,7.0,1
Hungarian Grand Prix 2024,C3-C4-C3,1.825794847721145,8.0,1
Hungarian Grand Prix 2024,C4-C3,-3.2078361865634957,9.0,1
Hungarian Grand Prix 2024,C5-C4-C3,-6.157574002787188,10.5,2
Hungarian Grand Prix 2024,C5-C3-C3,-6.349929640362436,14.5,2
Hungarian Grand Prix 2024,C4-C3-C3-C5,-6.951324331396424,17.5,2
Belgian Grand Prix 2024,C3-C2-C2,-2.201411348560121,5.5,6
Belgian Grand Prix 2024,C3-C2-C3,-3.599283673857729,12.333333333333334,3
Belgian Grand Prix 2024,C2-C3-C2,-1.9532129852707296,6.0,1
Belgian Grand Prix 2024,C3-C3-C2-C4,-5.84209515840919,7.0,1
Belgian Grand Prix 2024,C3-C3,-2.8457141207227,9.5,2
Belgian Grand Prix 2024,C4-C3-C4,-2.463222757681055,10.0,1
Belgian Grand Prix 2024,C3-C3-C2,-5.396844609312123,14.5,2
Belgian Grand Prix 2024,C3-C2,-4.124974089040087,14.0,1
Belgian Grand Prix 2024,C3-C4,-4.429498453405035,16.0,1
Dutch Grand Prix 2024,C2-C1,-3.221958371614496,8.23076923076923,13
Dutch Grand Prix 2024,C2-C1-C3,-6.183677019527558,13.5,2
Dutch Grand Prix 2024,C3-C1-C3,0.09195898676886038,8.0,1
Dutch Grand Prix 2024,C2-C1-C2,-2.9365219864245127,14.0,1
Dutch Grand Prix 2024,C3-C2-C1,-10.62915733439733,17.0,1
Dutch Grand Prix 2024,C1-C2,-6.38756487744066,18.0,1
Dutch Grand Prix 2024,C3-C1-C2,-7.259214442384998,19.0,1
Italian Grand Prix 2024,C4-C3,-2.2241385005592997,9.571428571428571,7
Italian Grand Prix 2024,C4-C3-C3,-4.681130531679473,8.571428571428571,7
Italian Grand Prix 2024,C3-C3-C4,-2.6644193356636747,7.0,2
Italian Grand Prix 2024,C3-C4,-3.897648867394861,15.0,2
Italian Grand Prix 2024,C3-C3-C4-C5,-9.16346418256685,19.0,1
Azerbaijan Grand Prix 2024,C4-C3,-1.6939840390137375,7.333333333333333,9
Azerbaijan Grand Prix 2024,C3-C4,0.4177552047368384,8.333333333333334,3
Azerbaijan Grand Prix 2024,C4-C3-C5,-1.5316949826756545,5.0,1
Azerbaijan Grand Prix 2024,C3-C5,-3.270819333850413,13.333333333333334,3
Singapore Grand Prix 2024,C4-C3,-2.206124181025213,6.636363636363637,11
Singapore Grand Prix 2024,C5-C3,-4.2641727614447085,6.0,1
Singapore Grand Prix 2024,C4-C5,-6.955450735530128,14.5,2
Singapore Grand Prix 2024,C3-C4,-2.5451162801572216,15.0,3
Singapore Grand Prix 2024,C5-C4-C5-C5,-8.724669378090576,18.0,1
United States Grand Prix 2024,C3-C2,-3.6945588382558583,7.818181818181818,11
United States Grand Prix 2024,C2-C3,0.18912692077236692,10.0,4
United States Grand Prix 2024,C3-C2-C3,-6.317739054168258,11.0,1
United States Grand Prix 2024,C3-C3-C2,-6.989423391705101,17.5,2
United States Grand Prix 2024,C3-C2-C4,-10.991042150430673,18.0,1
Mexico City Grand Prix 2024,C4-C3,-2.067368921607577,6.3,10
Mexico City Grand Prix 2024,C4-C3-C5,-0.6870618367930468,3.0,1
Mexico City Grand Prix 2024,C3-C4,-4.99036642699587,13.5,4
Mexico City Grand Prix 2024,C3-C4-C5,-8.895400959609741,16.0,1
Mexico City Grand Prix 2024,C3-C4-C4-C5,-6.596094184756183,17.0,1
São Paulo Grand Prix 2024,I-I,2.4079401716206017,4.75,4
São Paulo Grand Prix 2024,I-I-I,-3.8778978757756066,8.428571428571429,7
São Paulo Grand Prix 2024,I-W-I,-5.080384269577945,9.0,3
São Paulo Grand Prix 2024,I-I-W-I,-1.5256726078598835,15.0,1
Las Vegas Grand Prix 2024,C4-C3-C3,-2.5236102302540546,7.545454545454546,11
Las Vegas Grand Prix 2024,C4-C3-C3-C5,-2.531492468283539,6.0,1
Las Vegas Grand Prix 2024,C3-C4-C3,-2.737807343600771,14.0,3
Las Vegas Grand Prix 2024,C5-C3-C3,-1.7465514254817265,11.0,1
Las Vegas Grand Prix 2024,C4-C3,-5.0347391543322395,12.0,1
Las Vegas Grand Prix 2024,C4-C4-C3-C5,-10.62380431780608,17.0,1
Qatar Grand Prix 2024,C2-C1-C1-C1,-2.596600940755749,7.25,12
Qatar Grand Prix 2024,C2-C1-C2-C2,-1.6808556883500305,9.0,2
Qatar Grand Prix 2024,C2-C3-C3-C3,-5.712474588610773,15.0,1
Abu Dhabi Grand Prix 2024,C4-C3,-1.5385072273195095,7.0,10
Abu Dhabi Grand Prix 2024,C3-C4,5.24794943692382,4.0,1
Abu Dhabi Grand Prix 2024,C4-C3-C3,-5.969188571310964,11.5,4
Abu Dhabi Grand Prix 2024,C4-C3-C3-C5,-7.8803876798828725,16.0,1
Australian Grand Prix 2025,I-I-I-I,-1.9792473415854086,7.5,14
Chinese Grand Prix 2025,C3-C2,-1.05174098778392,6.6,10
Chinese Grand Prix 2025,C2-C3,1.7058049363480121,8.5,2
Chinese Grand Prix 2025,C3-C2-C2,-2.774770218188256,12.5,2
Chinese Grand Prix 2025,C2-C3-C2,1.4875204380836244,12.0,1
Chinese Grand Prix 2025,C3-C2-C2-C3,-8.304145389610266,16.0,1
Japanese Grand Prix 2025,C2-C1,-2.7544127397532323,7.6923076923076925,13
Japanese Grand Prix 2025,C1-C2,-5.736942094345316,14.666666666666666,3
Japanese Grand Prix 2025,C2-C3,-6.423880689175937,15.5,2
Japanese Grand Prix 2025,C3-C1,-1.5256726078598835,15.0,1
Japanese Grand Prix 2025,C3-C1-C2,-8.438073939280049,20.0,1
Bahrain Grand Prix 2025,C3-C2-C2,0.02367543393127086,2.0,2
Bahrain Grand Prix 2025,C3-C2-C3,-1.7335421450704986,5.5,2
Bahrain Grand Prix 2025,C2-C2-C1,-2.7306675842726285,8.0,3
Bahrain Grand Prix 2025,C3-C1-C2,-2.641015462066539,9.0,2
Bahrain Grand Prix 2025,C3-C2-C1,-3.861512101289069,11.8,5
Bahrain Grand Prix 2025,C3-C1-C3,1.5695857361118613,10.0,1
Bahrain Grand Prix 2025,C3-C2-C3-C3,-8.108609379466982,11.0,1
Bahrain Grand Prix 2025,C2-C1-C3,-4.243924134791822,16.0,1
Bahrain Grand Prix 2025,C2-C1-C2,-5.6656770293455825,18.0,1
Saudi Arabian Grand Prix 2025,C4-C3,-2.68456979709452,8.384615384615385,13
Saudi Arabian Grand Prix 2025,C3-C4,-2.8587296607254213,11.25,4
Saudi Arabian Grand Prix 2025,C4-C3-C3,-5.2425935837734166,17.0,1
Miami Grand Prix 2025,C4-C3,-2.531707971860323,5.5,8
Miami Grand Prix 2025,C3-C4,-2.1142658605374067,10.6,5
Miami Grand Prix 2025,C3,-5.666163528456608,13.0,3
Emilia Romagna Grand Prix 2025,C5-C4-C4,-2.8648388029700076,7.636363636363637,11
Emilia Romagna Grand Prix 2025,C4-C5-C4,-1.531376006502473,10.5,2
Emilia Romagna Grand Prix 2025,C4-C5,-0.29091981389588906,11.0,2
Emilia Romagna Grand Prix 2025,C5-C4-C5,-8.272332521811107,13.0,2
Emilia Romagna Grand Prix 2025,C5-C4-C4-C5,-7.97428318589073,18.0,1
Monaco Grand Prix 2025,C5-C4-C4,-0.8431935226282548,2.0,2
Monaco Grand Prix 2025,C5-C4-C5,-0.6302850817135557,7.0,2
Monaco Grand Prix 2025,C4-C5-C6,-1.6872201084873466,4.0,1
Monaco Grand Prix 2025,C4-C4-C5,-2.4803319780902067,10.0,2
Monaco Grand Prix 2025,C5-C6-C4,-1.976455430964648,7.0,2
Monaco Grand Prix 2025,C5-C5-C4,-2.7915143865566776,8.0,2
Monaco Grand Prix 2025,C4-C5-C5,-2.146796911530745,11.5,2
Monaco Grand Prix 2025,C4-C5-C4,-6.118858196251967,14.5,2
Monaco Grand Prix 2025,C5-C4-C6-C5,-2.817667090517334,14.0,1
Monaco Grand Prix 2025,C5-C4-C6,-8.45921008924724,16.0,1
Monaco Grand Prix 2025,C6-C4-C5,-10.052113028945502,17.0,1
Spanish Grand Prix 2025,C3-C2-C3-C3,-1.0119610165199706,6.125,8
Spanish Grand Prix 2025,C3-C2-C2-C3,-3.917902562237131,10.0,2
Spanish Grand Prix 2025,C3-C3-C2-C3,-5.25900397481895,10.666666666666666,3
Spanish Grand Prix 2025,C3-C2-C3,-3.288113917829477,11.5,2
Spanish Grand Prix 2025,C2-C3-C3-C3,-2.0052662922642135,13.0,1
Spanish Grand Prix 2025,C3-C2-C2,-6.745020235165411,16.0,1
Canadian Grand Prix 2025,C6-C6-C6-C6,-2.8102980590383955,9.0,17
Austrian Grand Prix 2025,C4-C3-C4,-1.053560760553436,2.5,4
Austrian Grand Prix 2025,C4-C4-C3,-1.7766056962429904,6.5,2
Austrian Grand Prix 2025,C4-C3,-1.550559683599152,6.5,2
Austrian Grand Prix 2025,C5-C4-C4,2.5693596386590425,9.0,1
Austrian Grand Prix 2025,C4-C3-C3,-0.16585149552519418,10.0,1
Austrian Grand Prix 2025,C5-C3-C4,-4.748842158115422,12.0,2
Austrian Grand Prix 2025,C5-C4-C3,-4.72580689552934,13.5,2
Austrian Grand Prix 2025,C4-C3-C5,-4.738197337643799,14.0,1
Austrian Grand Prix 2025,C4-C3-C4-C5,-5.579288965546619,16.0,1
British Grand Prix 2025,I-I-C3,-2.361304925656609,7.4,10
British Grand Prix 2025,I-I-C4,-1.1081373627797246,4.0,1
British Grand Prix 2025,I-C4-I-C4,2.84066266316297,7.0,1
British Grand Prix 2025,C2-I-C2,-7.686860480695277,10.0,1
British Grand Prix 2025,C2-I-C3,-0.5618630893179191,11.0,1
British Grand Prix 2025,C3-I-C4,-10.530837923069015,14.0,1
Belgian Grand Prix 2025,I-C3,-3.6185089276858373,10.0,17
Belgian Grand Prix 2025,I-C1,-1.420981003800263,2.0,1
Belgian Grand Prix 2025,I-C3-C1,-11.761086049964291,19.0,2
Hungarian Grand Prix 2025,C4-C3,-2.784125987678771,8.0,8
Hungarian Grand Prix 2025,C4-C3-C3,-3.4603332076324547,7.2,5
Hungarian Grand Prix 2025,C3-C4,-7.400783281586756,15.5,2
Hungarian Grand Prix 2025,C5-C4-C4,-2.5902878450405478,13.0,1
Hungarian Grand Prix 2025,C5-C3-C4,-6.471381130846739,14.0,1
Hungarian Grand Prix 2025,C5-C4-C3,-4.015218668588256,15.0,1
Hungarian Grand Prix 2025,C4-C5-C3,-5.417900797427015,17.0,1
Dutch Grand Prix 2025,C3-C2-C2,0.4534069782389391,5.333333333333333,3
Dutch Grand Prix 2025,C4-C3-C4,-0.26460671644568046,2.0,1
Dutch Grand Prix 2025,C3-C2-C4,-1.3942526482937545,6.75,4
Dutch Grand Prix 2025,C2-C3,3.002927017210941,8.0,2
Dutch Grand Prix 2025,C4-C2-C4,-2.038774698289724,9.0,1
Dutch Grand Prix 2025,C4-C2-C3-C4,0.17974491309939822,11.0,1
Dutch Grand Prix 2025,C3-C2-C4-C4,-8.260895645934745,13.666666666666666,3
Dutch Grand Prix 2025,C4-C2-C3,-4.167773464838319,14.0,1
Dutch Grand Prix 2025,C3-C2,-8.892792918113814,17.0,1
Italian Grand Prix 2025,C4-C3,-3.6005235286434356,8.6,10
Italian Grand Prix 2025,C4-C5,-1.0542422996492085,2.5,2
Italian Grand Prix 2025,C3-C4,1.0418668338157486,8.5,2
Italian Grand Prix 2025,C5-C3,-3.5829709053616074,14.0,1
Italian Grand Prix 2025,C3-C5,-6.496213132181317,16.333333333333332,3
Azerbaijan Grand Prix 2025,C4-C5,-2.9531670891817843,9.25,8
Azerbaijan Grand Prix 2025,C5-C4,-4.849888515449901,9.88888888888889,9
Azerbaijan Grand Prix 2025,C5-C5-C4,-2.0154505995423246,13.0,1
Azerbaijan Grand Prix 2025,C4-C5-C4,-2.4300400581935317,14.0,1
Singapore Grand Prix 2025,C4-C3,-3.5327407060860336,7.875,8
Singapore Grand Prix 2025,C5-C3,-3.8938478879478793,8.333333333333334,3
Singapore Grand Prix 2025,C5-C4,-3.449690696262884,12.0,3
Singapore Grand Prix 2025,C4-C3-C5,-8.720951485667571,15.666666666666666,3
Singapore Grand Prix 2025,C4-C5,-3.3594420334411823,13.0,3
United States Grand Prix 2025,C3-C4,-3.657509944510235,8.615384615384615,13
United States Grand Prix 2025,C4-C3,-1.13636200619746,7.5,2
United States Grand Prix 2025,C1-C3-C4,-3.592802948818788,14.0,1
United States Grand Prix 2025,C1-C3,-5.162064583575637,15.0,1
United States Grand Prix 2025,C1-C4,-4.432777570263095,16.0,1
United States Grand Prix 2025,C4-C3-C4,-8.733489097927404,18.0,1
Mexico City Grand Prix 2025,C5-C4,-1.2971362947756517,4.0,3
Mexico City Grand Prix 2025,C4-C5,-3.79830933887569,10.4,5
Mexico City Grand Prix 2025,C5-C4-C5,-2.7032799735790056,7.333333333333333,6
Mexico City Grand Prix 2025,C2-C5,-2.339048253951436,14.0,2
São Paulo Grand Prix 2025,C3-C4-C3,-2.3035032879918034,7.2,5
São Paulo Grand Prix 2025,C4-C3-C3,-3.2797239527682747,7.8,5
São Paulo Grand Prix 2025,C2-C3-C3-C4,7.980626573810907,3.0,1
São Paulo Grand Prix 2025,C4-C3,-2.940720858053222,7.0,1
São Paulo Grand Prix 2025,C3-C4,-3.210280048493571,9.0,1
São Paulo Grand Prix 2025,C2-C3-C3,-5.31888000655939,14.0,3
São Paulo Grand Prix 2025,C2-C3-C3-C3,-7.162580093040312,17.0,1
Las Vegas Grand Prix 2025,C4-C3,-2.2733886812568005,6.777777777777778,9
Las Vegas Grand Prix 2025,C5-C3,6.827018541773532,3.0,1
Las Vegas Grand Prix 2025,C3-C4,-0.6823062261023459,10.0,3
Las Vegas Grand Prix 2025,C4-C3-C4,-0.4283612705515534,12.0,1
Las Vegas Grand Prix 2025,C4-C3-C3,-10.520278602496635,14.0,1
